Week Ending,Provider State,Newcases
01/03/21,AK,5.0
01/03/21,AL,109.0
01/03/21,AR,69.0
01/03/21,AZ,304.0
01/03/21,CA,1399.0
01/03/21,CO,91.0
01/03/21,CT,197.0
01/03/21,DC,6.0
01/03/21,DE,38.0
01/03/21,FL,553.0
01/03/21,GA,102.0
01/03/21,GU,0.0
01/03/21,HI,0.0
01/03/21,IA,70.0
01/03/21,ID,20.0
01/03/21,IL,415.0
01/03/21,IN,239.0
01/03/21,KS,101.0
01/03/21,KY,144.0
01/03/21,LA,46.0
01/03/21,MA,294.0
01/03/21,MD,126.0
01/03/21,ME,11.0
01/03/21,MI,243.0
01/03/21,MN,120.0
01/03/21,MO,177.0
01/03/21,MS,45.0
01/03/21,MT,8.0
01/03/21,NC,347.0
01/03/21,ND,11.0
01/03/21,NE,41.0
01/03/21,NH,19.0
01/03/21,NJ,504.0
01/03/21,NM,74.0
01/03/21,NV,62.0
01/03/21,NY,194.0
01/03/21,OH,634.0
01/03/21,OK,191.0
01/03/21,OR,61.0
01/03/21,PA,565.0
01/03/21,PR,0.0
01/03/21,RI,68.0
01/03/21,SC,118.0
01/03/21,SD,14.0
01/03/21,TN,224.0
01/03/21,TX,937.0
01/03/21,UT,86.0
01/03/21,VA,123.0
01/03/21,VT,4.0
01/03/21,WA,94.0
01/03/21,WI,76.0
01/03/21,WV,24.0
01/03/21,WY,2.0
01/10/21,AK,4.0
01/10/21,AL,126.0
01/10/21,AR,97.0
01/10/21,AZ,335.0
01/10/21,CA,1809.0
01/10/21,CO,82.0
01/10/21,CT,203.0
01/10/21,DC,11.0
01/10/21,DE,50.0
01/10/21,FL,642.0
01/10/21,GA,176.0
01/10/21,GU,0.0
01/10/21,HI,0.0
01/10/21,IA,66.0
01/10/21,ID,21.0
01/10/21,IL,436.0
01/10/21,IN,272.0
01/10/21,KS,96.0
01/10/21,KY,152.0
01/10/21,LA,81.0
01/10/21,MA,309.0
01/10/21,MD,123.0
01/10/21,ME,13.0
01/10/21,MI,259.0
01/10/21,MN,101.0
01/10/21,MO,216.0
01/10/21,MS,38.0
01/10/21,MT,25.0
01/10/21,NC,401.0
01/10/21,ND,13.0
01/10/21,NE,39.0
01/10/21,NH,21.0
01/10/21,NJ,583.0
01/10/21,NM,79.0
01/10/21,NV,87.0
01/10/21,NY,368.0
01/10/21,OH,606.0
01/10/21,OK,177.0
01/10/21,OR,60.0
01/10/21,PA,539.0
01/10/21,PR,0.0
01/10/21,RI,66.0
01/10/21,SC,113.0
01/10/21,SD,12.0
01/10/21,TN,248.0
01/10/21,TX,998.0
01/10/21,UT,93.0
01/10/21,VA,154.0
01/10/21,VT,3.0
01/10/21,WA,98.0
01/10/21,WI,84.0
01/10/21,WV,43.0
01/10/21,WY,7.0
01/17/21,AK,6.0
01/17/21,AL,161.0
01/17/21,AR,88.0
01/17/21,AZ,364.0
01/17/21,CA,1831.0
01/17/21,CO,73.0
01/17/21,CT,262.0
01/17/21,DC,5.0
01/17/21,DE,59.0
01/17/21,FL,672.0
01/17/21,GA,200.0
01/17/21,GU,0.0
01/17/21,HI,0.0
01/17/21,IA,82.0
01/17/21,ID,7.0
01/17/21,IL,379.0
01/17/21,IN,274.0
01/17/21,KS,95.0
01/17/21,KY,153.0
01/17/21,LA,70.0
01/17/21,MA,360.0
01/17/21,MD,133.0
01/17/21,ME,12.0
01/17/21,MI,286.0
01/17/21,MN,101.0
01/17/21,MO,187.0
01/17/21,MS,47.0
01/17/21,MT,16.0
01/17/21,NC,383.0
01/17/21,ND,6.0
01/17/21,NE,44.0
01/17/21,NH,18.0
01/17/21,NJ,626.0
01/17/21,NM,60.0
01/17/21,NV,87.0
01/17/21,NY,314.0
01/17/21,OH,628.0
01/17/21,OK,219.0
01/17/21,OR,53.0
01/17/21,PA,574.0
01/17/21,PR,0.0
01/17/21,RI,62.0
01/17/21,SC,180.0
01/17/21,SD,19.0
01/17/21,TN,273.0
01/17/21,TX,1195.0
01/17/21,UT,122.0
01/17/21,VA,195.0
01/17/21,VT,8.0
01/17/21,WA,95.0
01/17/21,WI,94.0
01/17/21,WV,47.0
01/17/21,WY,5.0
01/24/21,AK,7.0
01/24/21,AL,139.0
01/24/21,AR,100.0
01/24/21,AZ,414.0
01/24/21,CA,1779.0
01/24/21,CO,57.0
01/24/21,CT,213.0
01/24/21,DC,9.0
01/24/21,DE,55.0
01/24/21,FL,748.0
01/24/21,GA,195.0
01/24/21,GU,0.0
01/24/21,HI,0.0
01/24/21,IA,84.0
01/24/21,ID,10.0
01/24/21,IL,372.0
01/24/21,IN,228.0
01/24/21,KS,67.0
01/24/21,KY,124.0
01/24/21,LA,70.0
01/24/21,MA,326.0
01/24/21,MD,119.0
01/24/21,ME,5.0
01/24/21,MI,219.0
01/24/21,MN,65.0
01/24/21,MO,173.0
01/24/21,MS,45.0
01/24/21,MT,24.0
01/24/21,NC,382.0
01/24/21,ND,7.0
01/24/21,NE,40.0
01/24/21,NH,17.0
01/24/21,NJ,492.0
01/24/21,NM,55.0
01/24/21,NV,82.0
01/24/21,NY,443.0
01/24/21,OH,498.0
01/24/21,OK,188.0
01/24/21,OR,55.0
01/24/21,PA,642.0
01/24/21,PR,0.0
01/24/21,RI,56.0
01/24/21,SC,190.0
01/24/21,SD,14.0
01/24/21,TN,219.0
01/24/21,TX,1126.0
01/24/21,UT,101.0
01/24/21,VA,218.0
01/24/21,VT,6.0
01/24/21,WA,90.0
01/24/21,WI,79.0
01/24/21,WV,29.0
01/24/21,WY,6.0
01/31/21,AK,3.0
01/31/21,AL,143.0
01/31/21,AR,93.0
01/31/21,AZ,385.0
01/31/21,CA,1468.0
01/31/21,CO,66.0
01/31/21,CT,165.0
01/31/21,DC,9.0
01/31/21,DE,40.0
01/31/21,FL,668.0
01/31/21,GA,177.0
01/31/21,GU,0.0
01/31/21,HI,0.0
01/31/21,IA,67.0
01/31/21,ID,8.0
01/31/21,IL,274.0
01/31/21,IN,155.0
01/31/21,KS,61.0
01/31/21,KY,117.0
01/31/21,LA,56.0
01/31/21,MA,310.0
01/31/21,MD,105.0
01/31/21,ME,9.0
01/31/21,MI,190.0
01/31/21,MN,53.0
01/31/21,MO,114.0
01/31/21,MS,35.0
01/31/21,MT,12.0
01/31/21,NC,377.0
01/31/21,ND,9.0
01/31/21,NE,37.0
01/31/21,NH,14.0
01/31/21,NJ,488.0
01/31/21,NM,39.0
01/31/21,NV,57.0
01/31/21,NY,458.0
01/31/21,OH,464.0
01/31/21,OK,163.0
01/31/21,OR,62.0
01/31/21,PA,469.0
01/31/21,PR,0.0
01/31/21,RI,45.0
01/31/21,SC,157.0
01/31/21,SD,10.0
01/31/21,TN,172.0
01/31/21,TX,977.0
01/31/21,UT,66.0
01/31/21,VA,165.0
01/31/21,VT,14.0
01/31/21,WA,76.0
01/31/21,WI,66.0
01/31/21,WV,39.0
01/31/21,WY,5.0
02/07/21,AK,1.0
02/07/21,AL,89.0
02/07/21,AR,96.0
02/07/21,AZ,345.0
02/07/21,CA,1132.0
02/07/21,CO,43.0
02/07/21,CT,151.0
02/07/21,DC,12.0
02/07/21,DE,35.0
02/07/21,FL,598.0
02/07/21,GA,209.0
02/07/21,GU,0.0
02/07/21,HI,0.0
02/07/21,IA,57.0
02/07/21,ID,22.0
02/07/21,IL,257.0
02/07/21,IN,117.0
02/07/21,KS,49.0
02/07/21,KY,94.0
02/07/21,LA,46.0
02/07/21,MA,229.0
02/07/21,MD,109.0
02/07/21,ME,8.0
02/07/21,MI,150.0
02/07/21,MN,68.0
02/07/21,MO,113.0
02/07/21,MS,30.0
02/07/21,MT,11.0
02/07/21,NC,303.0
02/07/21,ND,3.0
02/07/21,NE,35.0
02/07/21,NH,19.0
02/07/21,NJ,436.0
02/07/21,NM,37.0
02/07/21,NV,75.0
02/07/21,NY,376.0
02/07/21,OH,303.0
02/07/21,OK,98.0
02/07/21,OR,35.0
02/07/21,PA,357.0
02/07/21,PR,0.0
02/07/21,RI,44.0
02/07/21,SC,152.0
02/07/21,SD,11.0
02/07/21,TN,117.0
02/07/21,TX,710.0
02/07/21,UT,64.0
02/07/21,VA,167.0
02/07/21,VT,8.0
02/07/21,WA,64.0
02/07/21,WI,52.0
02/07/21,WV,19.0
02/07/21,WY,4.0
02/14/21,AK,0.0
02/14/21,AL,76.0
02/14/21,AR,51.0
02/14/21,AZ,240.0
02/14/21,CA,1009.0
02/14/21,CO,46.0
02/14/21,CT,110.0
02/14/21,DC,8.0
02/14/21,DE,36.0
02/14/21,FL,462.0
02/14/21,GA,123.0
02/14/21,GU,0.0
02/14/21,HI,0.0
02/14/21,IA,44.0
02/14/21,ID,59.0
02/14/21,IL,210.0
02/14/21,IN,110.0
02/14/21,KS,62.0
02/14/21,KY,83.0
02/14/21,LA,38.0
02/14/21,MA,217.0
02/14/21,MD,87.0
02/14/21,ME,5.0
02/14/21,MI,104.0
02/14/21,MN,41.0
02/14/21,MO,111.0
02/14/21,MS,27.0
02/14/21,MT,5.0
02/14/21,NC,236.0
02/14/21,ND,12.0
02/14/21,NE,25.0
02/14/21,NH,15.0
02/14/21,NJ,414.0
02/14/21,NM,31.0
02/14/21,NV,66.0
02/14/21,NY,394.0
02/14/21,OH,258.0
02/14/21,OK,73.0
02/14/21,OR,32.0
02/14/21,PA,351.0
02/14/21,PR,0.0
02/14/21,RI,35.0
02/14/21,SC,95.0
02/14/21,SD,14.0
02/14/21,TN,95.0
02/14/21,TX,536.0
02/14/21,UT,63.0
02/14/21,VA,122.0
02/14/21,VT,4.0
02/14/21,WA,79.0
02/14/21,WI,138.0
02/14/21,WV,14.0
02/14/21,WY,0.0
02/21/21,AK,1.0
02/21/21,AL,59.0
02/21/21,AR,36.0
02/21/21,AZ,179.0
02/21/21,CA,703.0
02/21/21,CO,40.0
02/21/21,CT,116.0
02/21/21,DC,5.0
02/21/21,DE,28.0
02/21/21,FL,384.0
02/21/21,GA,182.0
02/21/21,GU,0.0
02/21/21,HI,0.0
02/21/21,IA,28.0
02/21/21,ID,7.0
02/21/21,IL,185.0
02/21/21,IN,60.0
02/21/21,KS,42.0
02/21/21,KY,56.0
02/21/21,LA,18.0
02/21/21,MA,159.0
02/21/21,MD,66.0
02/21/21,ME,6.0
02/21/21,MI,75.0
02/21/21,MN,39.0
02/21/21,MO,60.0
02/21/21,MS,20.0
02/21/21,MT,11.0
02/21/21,NC,175.0
02/21/21,ND,7.0
02/21/21,NE,28.0
02/21/21,NH,16.0
02/21/21,NJ,304.0
02/21/21,NM,29.0
02/21/21,NV,30.0
02/21/21,NY,378.0
02/21/21,OH,200.0
02/21/21,OK,65.0
02/21/21,OR,27.0
02/21/21,PA,234.0
02/21/21,PR,0.0
02/21/21,RI,39.0
02/21/21,SC,92.0
02/21/21,SD,9.0
02/21/21,TN,90.0
02/21/21,TX,357.0
02/21/21,UT,42.0
02/21/21,VA,73.0
02/21/21,VT,7.0
02/21/21,WA,36.0
02/21/21,WI,28.0
02/21/21,WV,9.0
02/21/21,WY,0.0
02/28/21,AK,1.0
02/28/21,AL,33.0
02/28/21,AR,36.0
02/28/21,AZ,102.0
02/28/21,CA,652.0
02/28/21,CO,28.0
02/28/21,CT,81.0
02/28/21,DC,7.0
02/28/21,DE,12.0
02/28/21,FL,313.0
02/28/21,GA,97.0
02/28/21,GU,0.0
02/28/21,HI,0.0
02/28/21,IA,34.0
02/28/21,ID,7.0
02/28/21,IL,263.0
02/28/21,IN,52.0
02/28/21,KS,30.0
02/28/21,KY,48.0
02/28/21,LA,30.0
02/28/21,MA,164.0
02/28/21,MD,67.0
02/28/21,ME,7.0
02/28/21,MI,54.0
02/28/21,MN,39.0
02/28/21,MO,37.0
02/28/21,MS,27.0
02/28/21,MT,4.0
02/28/21,NC,138.0
02/28/21,ND,9.0
02/28/21,NE,20.0
02/28/21,NH,21.0
02/28/21,NJ,294.0
02/28/21,NM,17.0
02/28/21,NV,30.0
02/28/21,NY,345.0
02/28/21,OH,146.0
02/28/21,OK,62.0
02/28/21,OR,28.0
02/28/21,PA,240.0
02/28/21,PR,0.0
02/28/21,RI,47.0
02/28/21,SC,56.0
02/28/21,SD,8.0
02/28/21,TN,71.0
02/28/21,TX,336.0
02/28/21,UT,20.0
02/28/21,VA,67.0
02/28/21,VT,10.0
02/28/21,WA,53.0
02/28/21,WI,20.0
02/28/21,WV,11.0
02/28/21,WY,3.0
03/07/21,AK,0.0
03/07/21,AL,43.0
03/07/21,AR,31.0
03/07/21,AZ,80.0
03/07/21,CA,488.0
03/07/21,CO,21.0
03/07/21,CT,70.0
03/07/21,DC,5.0
03/07/21,DE,14.0
03/07/21,FL,195.0
03/07/21,GA,97.0
03/07/21,GU,0.0
03/07/21,HI,0.0
03/07/21,IA,31.0
03/07/21,ID,1.0
03/07/21,IL,198.0
03/07/21,IN,29.0
03/07/21,KS,30.0
03/07/21,KY,39.0
03/07/21,LA,17.0
03/07/21,MA,127.0
03/07/21,MD,60.0
03/07/21,ME,9.0
03/07/21,MI,74.0
03/07/21,MN,24.0
03/07/21,MO,37.0
03/07/21,MS,20.0
03/07/21,MT,6.0
03/07/21,NC,96.0
03/07/21,ND,7.0
03/07/21,NE,21.0
03/07/21,NH,5.0
03/07/21,NJ,212.0
03/07/21,NM,25.0
03/07/21,NV,17.0
03/07/21,NY,280.0
03/07/21,OH,132.0
03/07/21,OK,37.0
03/07/21,OR,31.0
03/07/21,PA,165.0
03/07/21,PR,0.0
03/07/21,RI,39.0
03/07/21,SC,36.0
03/07/21,SD,11.0
03/07/21,TN,63.0
03/07/21,TX,243.0
03/07/21,UT,25.0
03/07/21,VA,65.0
03/07/21,VT,3.0
03/07/21,WA,58.0
03/07/21,WI,20.0
03/07/21,WV,4.0
03/07/21,WY,2.0
03/14/21,AK,3.0
03/14/21,AL,23.0
03/14/21,AR,16.0
03/14/21,AZ,49.0
03/14/21,CA,430.0
03/14/21,CO,23.0
03/14/21,CT,74.0
03/14/21,DC,4.0
03/14/21,DE,14.0
03/14/21,FL,167.0
03/14/21,GA,63.0
03/14/21,GU,0.0
03/14/21,HI,0.0
03/14/21,IA,26.0
03/14/21,ID,3.0
03/14/21,IL,89.0
03/14/21,IN,14.0
03/14/21,KS,27.0
03/14/21,KY,31.0
03/14/21,LA,22.0
03/14/21,MA,119.0
03/14/21,MD,43.0
03/14/21,ME,10.0
03/14/21,MI,40.0
03/14/21,MN,27.0
03/14/21,MO,33.0
03/14/21,MS,20.0
03/14/21,MT,9.0
03/14/21,NC,73.0
03/14/21,ND,8.0
03/14/21,NE,23.0
03/14/21,NH,5.0
03/14/21,NJ,222.0
03/14/21,NM,15.0
03/14/21,NV,12.0
03/14/21,NY,266.0
03/14/21,OH,89.0
03/14/21,OK,43.0
03/14/21,OR,23.0
03/14/21,PA,136.0
03/14/21,PR,0.0
03/14/21,RI,21.0
03/14/21,SC,23.0
03/14/21,SD,7.0
03/14/21,TN,40.0
03/14/21,TX,232.0
03/14/21,UT,22.0
03/14/21,VA,32.0
03/14/21,VT,2.0
03/14/21,WA,58.0
03/14/21,WI,31.0
03/14/21,WV,5.0
03/14/21,WY,6.0
03/21/21,AK,1.0
03/21/21,AL,14.0
03/21/21,AR,21.0
03/21/21,AZ,45.0
03/21/21,CA,376.0
03/21/21,CO,15.0
03/21/21,CT,61.0
03/21/21,DC,7.0
03/21/21,DE,8.0
03/21/21,FL,146.0
03/21/21,GA,61.0
03/21/21,GU,0.0
03/21/21,HI,0.0
03/21/21,IA,64.0
03/21/21,ID,1.0
03/21/21,IL,74.0
03/21/21,IN,10.0
03/21/21,KS,26.0
03/21/21,KY,18.0
03/21/21,LA,12.0
03/21/21,MA,191.0
03/21/21,MD,22.0
03/21/21,ME,6.0
03/21/21,MI,40.0
03/21/21,MN,36.0
03/21/21,MO,43.0
03/21/21,MS,17.0
03/21/21,MT,6.0
03/21/21,NC,78.0
03/21/21,ND,1.0
03/21/21,NE,19.0
03/21/21,NH,3.0
03/21/21,NJ,268.0
03/21/21,NM,26.0
03/21/21,NV,14.0
03/21/21,NY,281.0
03/21/21,OH,110.0
03/21/21,OK,35.0
03/21/21,OR,15.0
03/21/21,PA,144.0
03/21/21,PR,0.0
03/21/21,RI,19.0
03/21/21,SC,21.0
03/21/21,SD,5.0
03/21/21,TN,46.0
03/21/21,TX,167.0
03/21/21,UT,16.0
03/21/21,VA,55.0
03/21/21,VT,1.0
03/21/21,WA,38.0
03/21/21,WI,49.0
03/21/21,WV,1.0
03/21/21,WY,1.0
03/28/21,AK,0.0
03/28/21,AL,8.0
03/28/21,AR,12.0
03/28/21,AZ,27.0
03/28/21,CA,311.0
03/28/21,CO,23.0
03/28/21,CT,61.0
03/28/21,DC,2.0
03/28/21,DE,7.0
03/28/21,FL,131.0
03/28/21,GA,44.0
03/28/21,GU,0.0
03/28/21,HI,0.0
03/28/21,IA,25.0
03/28/21,ID,0.0
03/28/21,IL,115.0
03/28/21,IN,20.0
03/28/21,KS,27.0
03/28/21,KY,6.0
03/28/21,LA,18.0
03/28/21,MA,143.0
03/28/21,MD,35.0
03/28/21,ME,4.0
03/28/21,MI,110.0
03/28/21,MN,49.0
03/28/21,MO,34.0
03/28/21,MS,11.0
03/28/21,MT,26.0
03/28/21,NC,58.0
03/28/21,ND,0.0
03/28/21,NE,12.0
03/28/21,NH,6.0
03/28/21,NJ,192.0
03/28/21,NM,21.0
03/28/21,NV,14.0
03/28/21,NY,248.0
03/28/21,OH,65.0
03/28/21,OK,14.0
03/28/21,OR,20.0
03/28/21,PA,109.0
03/28/21,PR,0.0
03/28/21,RI,26.0
03/28/21,SC,17.0
03/28/21,SD,9.0
03/28/21,TN,42.0
03/28/21,TX,126.0
03/28/21,UT,22.0
03/28/21,VA,37.0
03/28/21,VT,2.0
03/28/21,WA,40.0
03/28/21,WI,25.0
03/28/21,WV,6.0
03/28/21,WY,4.0
04/04/21,AK,2.0
04/04/21,AL,17.0
04/04/21,AR,10.0
04/04/21,AZ,46.0
04/04/21,CA,308.0
04/04/21,CO,23.0
04/04/21,CT,80.0
04/04/21,DC,1.0
04/04/21,DE,10.0
04/04/21,FL,112.0
04/04/21,GA,41.0
04/04/21,GU,0.0
04/04/21,HI,0.0
04/04/21,IA,23.0
04/04/21,ID,0.0
04/04/21,IL,85.0
04/04/21,IN,15.0
04/04/21,KS,24.0
04/04/21,KY,5.0
04/04/21,LA,15.0
04/04/21,MA,105.0
04/04/21,MD,39.0
04/04/21,ME,7.0
04/04/21,MI,102.0
04/04/21,MN,48.0
04/04/21,MO,42.0
04/04/21,MS,13.0
04/04/21,MT,9.0
04/04/21,NC,67.0
04/04/21,ND,1.0
04/04/21,NE,6.0
04/04/21,NH,4.0
04/04/21,NJ,184.0
04/04/21,NM,18.0
04/04/21,NV,10.0
04/04/21,NY,247.0
04/04/21,OH,74.0
04/04/21,OK,16.0
04/04/21,OR,32.0
04/04/21,PA,139.0
04/04/21,PR,0.0
04/04/21,RI,19.0
04/04/21,SC,21.0
04/04/21,SD,3.0
04/04/21,TN,35.0
04/04/21,TX,133.0
04/04/21,UT,17.0
04/04/21,VA,23.0
04/04/21,VT,0.0
04/04/21,WA,38.0
04/04/21,WI,29.0
04/04/21,WV,3.0
04/04/21,WY,7.0
04/11/21,AK,2.0
04/11/21,AL,16.0
04/11/21,AR,10.0
04/11/21,AZ,17.0
04/11/21,CA,273.0
04/11/21,CO,13.0
04/11/21,CT,68.0
04/11/21,DC,1.0
04/11/21,DE,9.0
04/11/21,FL,132.0
04/11/21,GA,37.0
04/11/21,GU,0.0
04/11/21,HI,3.0
04/11/21,IA,25.0
04/11/21,ID,7.0
04/11/21,IL,99.0
04/11/21,IN,14.0
04/11/21,KS,25.0
04/11/21,KY,4.0
04/11/21,LA,7.0
04/11/21,MA,116.0
04/11/21,MD,45.0
04/11/21,ME,3.0
04/11/21,MI,128.0
04/11/21,MN,55.0
04/11/21,MO,42.0
04/11/21,MS,6.0
04/11/21,MT,5.0
04/11/21,NC,54.0
04/11/21,ND,6.0
04/11/21,NE,14.0
04/11/21,NH,1.0
04/11/21,NJ,167.0
04/11/21,NM,13.0
04/11/21,NV,9.0
04/11/21,NY,253.0
04/11/21,OH,68.0
04/11/21,OK,30.0
04/11/21,OR,21.0
04/11/21,PA,156.0
04/11/21,PR,0.0
04/11/21,RI,8.0
04/11/21,SC,32.0
04/11/21,SD,7.0
04/11/21,TN,50.0
04/11/21,TX,103.0
04/11/21,UT,19.0
04/11/21,VA,28.0
04/11/21,VT,5.0
04/11/21,WA,33.0
04/11/21,WI,18.0
04/11/21,WV,3.0
04/11/21,WY,4.0
04/18/21,AK,2.0
04/18/21,AL,22.0
04/18/21,AR,9.0
04/18/21,AZ,37.0
04/18/21,CA,273.0
04/18/21,CO,12.0
04/18/21,CT,71.0
04/18/21,DC,1.0
04/18/21,DE,4.0
04/18/21,FL,142.0
04/18/21,GA,23.0
04/18/21,GU,0.0
04/18/21,HI,1.0
04/18/21,IA,25.0
04/18/21,ID,0.0
04/18/21,IL,100.0
04/18/21,IN,17.0
04/18/21,KS,15.0
04/18/21,KY,11.0
04/18/21,LA,18.0
04/18/21,MA,134.0
04/18/21,MD,43.0
04/18/21,ME,4.0
04/18/21,MI,145.0
04/18/21,MN,53.0
04/18/21,MO,31.0
04/18/21,MS,7.0
04/18/21,MT,9.0
04/18/21,NC,52.0
04/18/21,ND,1.0
04/18/21,NE,17.0
04/18/21,NH,9.0
04/18/21,NJ,175.0
04/18/21,NM,19.0
04/18/21,NV,8.0
04/18/21,NY,192.0
04/18/21,OH,86.0
04/18/21,OK,11.0
04/18/21,OR,21.0
04/18/21,PA,152.0
04/18/21,PR,0.0
04/18/21,RI,3.0
04/18/21,SC,10.0
04/18/21,SD,9.0
04/18/21,TN,30.0
04/18/21,TX,112.0
04/18/21,UT,22.0
04/18/21,VA,57.0
04/18/21,VT,3.0
04/18/21,WA,31.0
04/18/21,WI,15.0
04/18/21,WV,2.0
04/18/21,WY,6.0
04/25/21,AK,2.0
04/25/21,AL,26.0
04/25/21,AR,17.0
04/25/21,AZ,20.0
04/25/21,CA,285.0
04/25/21,CO,16.0
04/25/21,CT,59.0
04/25/21,DC,1.0
04/25/21,DE,6.0
04/25/21,FL,122.0
04/25/21,GA,32.0
04/25/21,GU,0.0
04/25/21,HI,3.0
04/25/21,IA,18.0
04/25/21,ID,1.0
04/25/21,IL,117.0
04/25/21,IN,9.0
04/25/21,KS,19.0
04/25/21,KY,12.0
04/25/21,LA,13.0
04/25/21,MA,105.0
04/25/21,MD,47.0
04/25/21,ME,14.0
04/25/21,MI,187.0
04/25/21,MN,62.0
04/25/21,MO,136.0
04/25/21,MS,9.0
04/25/21,MT,24.0
04/25/21,NC,70.0
04/25/21,ND,9.0
04/25/21,NE,11.0
04/25/21,NH,9.0
04/25/21,NJ,173.0
04/25/21,NM,12.0
04/25/21,NV,7.0
04/25/21,NY,213.0
04/25/21,OH,95.0
04/25/21,OK,21.0
04/25/21,OR,25.0
04/25/21,PA,170.0
04/25/21,PR,0.0
04/25/21,RI,6.0
04/25/21,SC,13.0
04/25/21,SD,9.0
04/25/21,TN,53.0
04/25/21,TX,112.0
04/25/21,UT,19.0
04/25/21,VA,29.0
04/25/21,VT,0.0
04/25/21,WA,44.0
04/25/21,WI,18.0
04/25/21,WV,2.0
04/25/21,WY,9.0
05/02/21,AK,2.0
05/02/21,AL,28.0
05/02/21,AR,5.0
05/02/21,AZ,13.0
05/02/21,CA,226.0
05/02/21,CO,12.0
05/02/21,CT,62.0
05/02/21,DC,0.0
05/02/21,DE,6.0
05/02/21,FL,134.0
05/02/21,GA,21.0
05/02/21,GU,0.0
05/02/21,HI,0.0
05/02/21,IA,22.0
05/02/21,ID,6.0
05/02/21,IL,127.0
05/02/21,IN,14.0
05/02/21,KS,15.0
05/02/21,KY,12.0
05/02/21,LA,7.0
05/02/21,MA,106.0
05/02/21,MD,24.0
05/02/21,ME,7.0
05/02/21,MI,125.0
05/02/21,MN,51.0
05/02/21,MO,33.0
05/02/21,MS,3.0
05/02/21,MT,10.0
05/02/21,NC,76.0
05/02/21,ND,4.0
05/02/21,NE,16.0
05/02/21,NH,6.0
05/02/21,NJ,186.0
05/02/21,NM,10.0
05/02/21,NV,18.0
05/02/21,NY,188.0
05/02/21,OH,78.0
05/02/21,OK,20.0
05/02/21,OR,17.0
05/02/21,PA,154.0
05/02/21,PR,0.0
05/02/21,RI,13.0
05/02/21,SC,7.0
05/02/21,SD,8.0
05/02/21,TN,31.0
05/02/21,TX,110.0
05/02/21,UT,11.0
05/02/21,VA,26.0
05/02/21,VT,0.0
05/02/21,WA,21.0
05/02/21,WI,20.0
05/02/21,WV,2.0
05/02/21,WY,6.0
05/09/21,AK,3.0
05/09/21,AL,23.0
05/09/21,AR,11.0
05/09/21,AZ,24.0
05/09/21,CA,270.0
05/09/21,CO,18.0
05/09/21,CT,64.0
05/09/21,DC,1.0
05/09/21,DE,4.0
05/09/21,FL,160.0
05/09/21,GA,26.0
05/09/21,GU,0.0
05/09/21,HI,0.0
05/09/21,IA,20.0
05/09/21,ID,0.0
05/09/21,IL,128.0
05/09/21,IN,20.0
05/09/21,KS,34.0
05/09/21,KY,11.0
05/09/21,LA,9.0
05/09/21,MA,120.0
05/09/21,MD,20.0
05/09/21,ME,11.0
05/09/21,MI,139.0
05/09/21,MN,55.0
05/09/21,MO,33.0
05/09/21,MS,2.0
05/09/21,MT,8.0
05/09/21,NC,64.0
05/09/21,ND,6.0
05/09/21,NE,13.0
05/09/21,NH,5.0
05/09/21,NJ,92.0
05/09/21,NM,6.0
05/09/21,NV,7.0
05/09/21,NY,158.0
05/09/21,OH,88.0
05/09/21,OK,20.0
05/09/21,OR,16.0
05/09/21,PA,180.0
05/09/21,PR,0.0
05/09/21,RI,19.0
05/09/21,SC,16.0
05/09/21,SD,10.0
05/09/21,TN,27.0
05/09/21,TX,111.0
05/09/21,UT,13.0
05/09/21,VA,28.0
05/09/21,VT,1.0
05/09/21,WA,27.0
05/09/21,WI,11.0
05/09/21,WV,3.0
05/09/21,WY,1.0
05/16/21,AK,2.0
05/16/21,AL,20.0
05/16/21,AR,12.0
05/16/21,AZ,20.0
05/16/21,CA,268.0
05/16/21,CO,22.0
05/16/21,CT,73.0
05/16/21,DC,0.0
05/16/21,DE,5.0
05/16/21,FL,121.0
05/16/21,GA,20.0
05/16/21,GU,0.0
05/16/21,HI,0.0
05/16/21,IA,21.0
05/16/21,ID,0.0
05/16/21,IL,119.0
05/16/21,IN,22.0
05/16/21,KS,33.0
05/16/21,KY,9.0
05/16/21,LA,6.0
05/16/21,MA,89.0
05/16/21,MD,42.0
05/16/21,ME,10.0
05/16/21,MI,130.0
05/16/21,MN,33.0
05/16/21,MO,25.0
05/16/21,MS,4.0
05/16/21,MT,10.0
05/16/21,NC,87.0
05/16/21,ND,2.0
05/16/21,NE,6.0
05/16/21,NH,3.0
05/16/21,NJ,84.0
05/16/21,NM,5.0
05/16/21,NV,21.0
05/16/21,NY,129.0
05/16/21,OH,98.0
05/16/21,OK,17.0
05/16/21,OR,23.0
05/16/21,PA,142.0
05/16/21,PR,0.0
05/16/21,RI,4.0
05/16/21,SC,4.0
05/16/21,SD,0.0
05/16/21,TN,16.0
05/16/21,TX,80.0
05/16/21,UT,16.0
05/16/21,VA,31.0
05/16/21,VT,1.0
05/16/21,WA,27.0
05/16/21,WI,23.0
05/16/21,WV,2.0
05/16/21,WY,4.0
05/23/21,AK,4.0
05/23/21,AL,15.0
05/23/21,AR,17.0
05/23/21,AZ,25.0
05/23/21,CA,245.0
05/23/21,CO,28.0
05/23/21,CT,55.0
05/23/21,DC,1.0
05/23/21,DE,1.0
05/23/21,FL,103.0
05/23/21,GA,28.0
05/23/21,GU,0.0
05/23/21,HI,0.0
05/23/21,IA,14.0
05/23/21,ID,3.0
05/23/21,IL,145.0
05/23/21,IN,19.0
05/23/21,KS,20.0
05/23/21,KY,13.0
05/23/21,LA,12.0
05/23/21,MA,71.0
05/23/21,MD,27.0
05/23/21,ME,6.0
05/23/21,MI,89.0
05/23/21,MN,27.0
05/23/21,MO,23.0
05/23/21,MS,4.0
05/23/21,MT,5.0
05/23/21,NC,36.0
05/23/21,ND,4.0
05/23/21,NE,21.0
05/23/21,NH,2.0
05/23/21,NJ,104.0
05/23/21,NM,7.0
05/23/21,NV,15.0
05/23/21,NY,93.0
05/23/21,OH,91.0
05/23/21,OK,25.0
05/23/21,OR,19.0
05/23/21,PA,108.0
05/23/21,PR,0.0
05/23/21,RI,2.0
05/23/21,SC,9.0
05/23/21,SD,5.0
05/23/21,TN,23.0
05/23/21,TX,73.0
05/23/21,UT,15.0
05/23/21,VA,19.0
05/23/21,VT,0.0
05/23/21,WA,26.0
05/23/21,WI,31.0
05/23/21,WV,6.0
05/23/21,WY,1.0
05/30/21,AK,0.0
05/30/21,AL,16.0
05/30/21,AR,15.0
05/30/21,AZ,12.0
05/30/21,CA,238.0
05/30/21,CO,14.0
05/30/21,CT,46.0
05/30/21,DC,1.0
05/30/21,DE,7.0
05/30/21,FL,72.0
05/30/21,GA,23.0
05/30/21,GU,0.0
05/30/21,HI,0.0
05/30/21,IA,23.0
05/30/21,ID,0.0
05/30/21,IL,100.0
05/30/21,IN,20.0
05/30/21,KS,21.0
05/30/21,KY,15.0
05/30/21,LA,6.0
05/30/21,MA,76.0
05/30/21,MD,42.0
05/30/21,ME,3.0
05/30/21,MI,100.0
05/30/21,MN,26.0
05/30/21,MO,21.0
05/30/21,MS,14.0
05/30/21,MT,3.0
05/30/21,NC,47.0
05/30/21,ND,2.0
05/30/21,NE,25.0
05/30/21,NH,3.0
05/30/21,NJ,93.0
05/30/21,NM,4.0
05/30/21,NV,12.0
05/30/21,NY,86.0
05/30/21,OH,79.0
05/30/21,OK,10.0
05/30/21,OR,26.0
05/30/21,PA,89.0
05/30/21,PR,0.0
05/30/21,RI,5.0
05/30/21,SC,5.0
05/30/21,SD,6.0
05/30/21,TN,25.0
05/30/21,TX,86.0
05/30/21,UT,18.0
05/30/21,VA,27.0
05/30/21,VT,2.0
05/30/21,WA,19.0
05/30/21,WI,24.0
05/30/21,WV,6.0
05/30/21,WY,4.0
06/06/21,AK,2.0
06/06/21,AL,8.0
06/06/21,AR,17.0
06/06/21,AZ,15.0
06/06/21,CA,214.0
06/06/21,CO,8.0
06/06/21,CT,37.0
06/06/21,DC,0.0
06/06/21,DE,1.0
06/06/21,FL,59.0
06/06/21,GA,24.0
06/06/21,GU,0.0
06/06/21,HI,0.0
06/06/21,IA,19.0
06/06/21,ID,1.0
06/06/21,IL,64.0
06/06/21,IN,19.0
06/06/21,KS,18.0
06/06/21,KY,9.0
06/06/21,LA,4.0
06/06/21,MA,63.0
06/06/21,MD,37.0
06/06/21,ME,2.0
06/06/21,MI,45.0
06/06/21,MN,17.0
06/06/21,MO,24.0
06/06/21,MS,8.0
06/06/21,MT,12.0
06/06/21,NC,37.0
06/06/21,ND,3.0
06/06/21,NE,25.0
06/06/21,NH,2.0
06/06/21,NJ,65.0
06/06/21,NM,6.0
06/06/21,NV,4.0
06/06/21,NY,89.0
06/06/21,OH,85.0
06/06/21,OK,7.0
06/06/21,OR,18.0
06/06/21,PA,56.0
06/06/21,PR,0.0
06/06/21,RI,5.0
06/06/21,SC,7.0
06/06/21,SD,22.0
06/06/21,TN,44.0
06/06/21,TX,69.0
06/06/21,UT,8.0
06/06/21,VA,11.0
06/06/21,VT,0.0
06/06/21,WA,14.0
06/06/21,WI,17.0
06/06/21,WV,0.0
06/06/21,WY,2.0
06/13/21,AK,3.0
06/13/21,AL,18.0
06/13/21,AR,11.0
06/13/21,AZ,29.0
06/13/21,CA,228.0
06/13/21,CO,22.0
06/13/21,CT,36.0
06/13/21,DC,0.0
06/13/21,DE,21.0
06/13/21,FL,70.0
06/13/21,GA,43.0
06/13/21,GU,0.0
06/13/21,HI,0.0
06/13/21,IA,23.0
06/13/21,ID,2.0
06/13/21,IL,94.0
06/13/21,IN,15.0
06/13/21,KS,24.0
06/13/21,KY,4.0
06/13/21,LA,8.0
06/13/21,MA,86.0
06/13/21,MD,27.0
06/13/21,ME,2.0
06/13/21,MI,59.0
06/13/21,MN,25.0
06/13/21,MO,27.0
06/13/21,MS,5.0
06/13/21,MT,7.0
06/13/21,NC,40.0
06/13/21,ND,7.0
06/13/21,NE,12.0
06/13/21,NH,3.0
06/13/21,NJ,47.0
06/13/21,NM,6.0
06/13/21,NV,3.0
06/13/21,NY,112.0
06/13/21,OH,68.0
06/13/21,OK,19.0
06/13/21,OR,24.0
06/13/21,PA,72.0
06/13/21,PR,0.0
06/13/21,RI,5.0
06/13/21,SC,6.0
06/13/21,SD,5.0
06/13/21,TN,12.0
06/13/21,TX,72.0
06/13/21,UT,5.0
06/13/21,VA,13.0
06/13/21,VT,0.0
06/13/21,WA,17.0
06/13/21,WI,26.0
06/13/21,WV,6.0
06/13/21,WY,1.0
06/20/21,AK,3.0
06/20/21,AL,21.0
06/20/21,AR,12.0
06/20/21,AZ,10.0
06/20/21,CA,219.0
06/20/21,CO,11.0
06/20/21,CT,38.0
06/20/21,DC,1.0
06/20/21,DE,0.0
06/20/21,FL,46.0
06/20/21,GA,38.0
06/20/21,GU,0.0
06/20/21,HI,0.0
06/20/21,IA,21.0
06/20/21,ID,2.0
06/20/21,IL,71.0
06/20/21,IN,11.0
06/20/21,KS,24.0
06/20/21,KY,11.0
06/20/21,LA,9.0
06/20/21,MA,62.0
06/20/21,MD,28.0
06/20/21,ME,1.0
06/20/21,MI,36.0
06/20/21,MN,42.0
06/20/21,MO,64.0
06/20/21,MS,6.0
06/20/21,MT,5.0
06/20/21,NC,21.0
06/20/21,ND,8.0
06/20/21,NE,17.0
06/20/21,NH,6.0
06/20/21,NJ,48.0
06/20/21,NM,8.0
06/20/21,NV,35.0
06/20/21,NY,89.0
06/20/21,OH,65.0
06/20/21,OK,11.0
06/20/21,OR,20.0
06/20/21,PA,42.0
06/20/21,PR,0.0
06/20/21,RI,6.0
06/20/21,SC,4.0
06/20/21,SD,1.0
06/20/21,TN,30.0
06/20/21,TX,63.0
06/20/21,UT,10.0
06/20/21,VA,14.0
06/20/21,VT,0.0
06/20/21,WA,9.0
06/20/21,WI,19.0
06/20/21,WV,5.0
06/20/21,WY,1.0
06/27/21,AK,9.0
06/27/21,AL,6.0
06/27/21,AR,12.0
06/27/21,AZ,22.0
06/27/21,CA,256.0
06/27/21,CO,19.0
06/27/21,CT,43.0
06/27/21,DC,3.0
06/27/21,DE,0.0
06/27/21,FL,46.0
06/27/21,GA,15.0
06/27/21,GU,0.0
06/27/21,HI,0.0
06/27/21,IA,16.0
06/27/21,ID,3.0
06/27/21,IL,48.0
06/27/21,IN,9.0
06/27/21,KS,19.0
06/27/21,KY,15.0
06/27/21,LA,6.0
06/27/21,MA,81.0
06/27/21,MD,15.0
06/27/21,ME,4.0
06/27/21,MI,15.0
06/27/21,MN,20.0
06/27/21,MO,43.0
06/27/21,MS,14.0
06/27/21,MT,8.0
06/27/21,NC,31.0
06/27/21,ND,7.0
06/27/21,NE,14.0
06/27/21,NH,7.0
06/27/21,NJ,43.0
06/27/21,NM,7.0
06/27/21,NV,11.0
06/27/21,NY,47.0
06/27/21,OH,53.0
06/27/21,OK,15.0
06/27/21,OR,24.0
06/27/21,PA,33.0
06/27/21,PR,0.0
06/27/21,RI,7.0
06/27/21,SC,5.0
06/27/21,SD,8.0
06/27/21,TN,11.0
06/27/21,TX,93.0
06/27/21,UT,13.0
06/27/21,VA,12.0
06/27/21,VT,0.0
06/27/21,WA,19.0
06/27/21,WI,28.0
06/27/21,WV,2.0
06/27/21,WY,1.0
07/04/21,AK,2.0
07/04/21,AL,18.0
07/04/21,AR,8.0
07/04/21,AZ,25.0
07/04/21,CA,150.0
07/04/21,CO,21.0
07/04/21,CT,22.0
07/04/21,DC,2.0
07/04/21,DE,1.0
07/04/21,FL,86.0
07/04/21,GA,27.0
07/04/21,GU,0.0
07/04/21,HI,0.0
07/04/21,IA,18.0
07/04/21,ID,1.0
07/04/21,IL,43.0
07/04/21,IN,10.0
07/04/21,KS,23.0
07/04/21,KY,12.0
07/04/21,LA,9.0
07/04/21,MA,95.0
07/04/21,MD,18.0
07/04/21,ME,0.0
07/04/21,MI,19.0
07/04/21,MN,17.0
07/04/21,MO,46.0
07/04/21,MS,6.0
07/04/21,MT,6.0
07/04/21,NC,39.0
07/04/21,ND,7.0
07/04/21,NE,12.0
07/04/21,NH,3.0
07/04/21,NJ,44.0
07/04/21,NM,2.0
07/04/21,NV,3.0
07/04/21,NY,44.0
07/04/21,OH,53.0
07/04/21,OK,22.0
07/04/21,OR,34.0
07/04/21,PA,33.0
07/04/21,PR,0.0
07/04/21,RI,5.0
07/04/21,SC,5.0
07/04/21,SD,6.0
07/04/21,TN,13.0
07/04/21,TX,71.0
07/04/21,UT,14.0
07/04/21,VA,6.0
07/04/21,VT,1.0
07/04/21,WA,8.0
07/04/21,WI,16.0
07/04/21,WV,1.0
07/04/21,WY,2.0
07/11/21,AK,2.0
07/11/21,AL,12.0
07/11/21,AR,19.0
07/11/21,AZ,17.0
07/11/21,CA,177.0
07/11/21,CO,28.0
07/11/21,CT,18.0
07/11/21,DC,2.0
07/11/21,DE,0.0
07/11/21,FL,69.0
07/11/21,GA,21.0
07/11/21,GU,0.0
07/11/21,HI,0.0
07/11/21,IA,16.0
07/11/21,ID,3.0
07/11/21,IL,32.0
07/11/21,IN,7.0
07/11/21,KS,17.0
07/11/21,KY,13.0
07/11/21,LA,3.0
07/11/21,MA,70.0
07/11/21,MD,15.0
07/11/21,ME,3.0
07/11/21,MI,39.0
07/11/21,MN,29.0
07/11/21,MO,22.0
07/11/21,MS,12.0
07/11/21,MT,5.0
07/11/21,NC,27.0
07/11/21,ND,9.0
07/11/21,NE,11.0
07/11/21,NH,3.0
07/11/21,NJ,64.0
07/11/21,NM,6.0
07/11/21,NV,9.0
07/11/21,NY,44.0
07/11/21,OH,40.0
07/11/21,OK,5.0
07/11/21,OR,16.0
07/11/21,PA,44.0
07/11/21,PR,0.0
07/11/21,RI,6.0
07/11/21,SC,3.0
07/11/21,SD,2.0
07/11/21,TN,16.0
07/11/21,TX,73.0
07/11/21,UT,17.0
07/11/21,VA,19.0
07/11/21,VT,0.0
07/11/21,WA,20.0
07/11/21,WI,21.0
07/11/21,WV,4.0
07/11/21,WY,2.0
07/18/21,AK,0.0
07/18/21,AL,15.0
07/18/21,AR,26.0
07/18/21,AZ,22.0
07/18/21,CA,216.0
07/18/21,CO,9.0
07/18/21,CT,29.0
07/18/21,DC,2.0
07/18/21,DE,2.0
07/18/21,FL,77.0
07/18/21,GA,17.0
07/18/21,GU,0.0
07/18/21,HI,0.0
07/18/21,IA,20.0
07/18/21,ID,2.0
07/18/21,IL,26.0
07/18/21,IN,2.0
07/18/21,KS,23.0
07/18/21,KY,16.0
07/18/21,LA,7.0
07/18/21,MA,73.0
07/18/21,MD,12.0
07/18/21,ME,3.0
07/18/21,MI,35.0
07/18/21,MN,25.0
07/18/21,MO,47.0
07/18/21,MS,12.0
07/18/21,MT,6.0
07/18/21,NC,33.0
07/18/21,ND,6.0
07/18/21,NE,9.0
07/18/21,NH,4.0
07/18/21,NJ,35.0
07/18/21,NM,4.0
07/18/21,NV,15.0
07/18/21,NY,26.0
07/18/21,OH,46.0
07/18/21,OK,25.0
07/18/21,OR,11.0
07/18/21,PA,17.0
07/18/21,PR,0.0
07/18/21,RI,1.0
07/18/21,SC,5.0
07/18/21,SD,3.0
07/18/21,TN,16.0
07/18/21,TX,77.0
07/18/21,UT,10.0
07/18/21,VA,15.0
07/18/21,VT,0.0
07/18/21,WA,15.0
07/18/21,WI,21.0
07/18/21,WV,0.0
07/18/21,WY,1.0
07/25/21,AK,1.0
07/25/21,AL,15.0
07/25/21,AR,26.0
07/25/21,AZ,10.0
07/25/21,CA,196.0
07/25/21,CO,14.0
07/25/21,CT,29.0
07/25/21,DC,0.0
07/25/21,DE,4.0
07/25/21,FL,152.0
07/25/21,GA,18.0
07/25/21,GU,0.0
07/25/21,HI,0.0
07/25/21,IA,15.0
07/25/21,ID,1.0
07/25/21,IL,26.0
07/25/21,IN,9.0
07/25/21,KS,18.0
07/25/21,KY,31.0
07/25/21,LA,17.0
07/25/21,MA,52.0
07/25/21,MD,12.0
07/25/21,ME,5.0
07/25/21,MI,33.0
07/25/21,MN,22.0
07/25/21,MO,44.0
07/25/21,MS,6.0
07/25/21,MT,7.0
07/25/21,NC,32.0
07/25/21,ND,2.0
07/25/21,NE,12.0
07/25/21,NH,25.0
07/25/21,NJ,33.0
07/25/21,NM,5.0
07/25/21,NV,12.0
07/25/21,NY,38.0
07/25/21,OH,56.0
07/25/21,OK,33.0
07/25/21,OR,18.0
07/25/21,PA,22.0
07/25/21,PR,0.0
07/25/21,RI,1.0
07/25/21,SC,3.0
07/25/21,SD,4.0
07/25/21,TN,18.0
07/25/21,TX,107.0
07/25/21,UT,9.0
07/25/21,VA,24.0
07/25/21,VT,0.0
07/25/21,WA,6.0
07/25/21,WI,20.0
07/25/21,WV,3.0
07/25/21,WY,2.0
08/01/21,AK,2.0
08/01/21,AL,23.0
08/01/21,AR,33.0
08/01/21,AZ,39.0
08/01/21,CA,221.0
08/01/21,CO,22.0
08/01/21,CT,25.0
08/01/21,DC,0.0
08/01/21,DE,2.0
08/01/21,FL,302.0
08/01/21,GA,30.0
08/01/21,GU,0.0
08/01/21,HI,0.0
08/01/21,IA,20.0
08/01/21,ID,6.0
08/01/21,IL,75.0
08/01/21,IN,18.0
08/01/21,KS,17.0
08/01/21,KY,27.0
08/01/21,LA,25.0
08/01/21,MA,82.0
08/01/21,MD,2.0
08/01/21,ME,2.0
08/01/21,MI,16.0
08/01/21,MN,24.0
08/01/21,MO,47.0
08/01/21,MS,14.0
08/01/21,MT,4.0
08/01/21,NC,29.0
08/01/21,ND,5.0
08/01/21,NE,15.0
08/01/21,NH,1.0
08/01/21,NJ,61.0
08/01/21,NM,8.0
08/01/21,NV,34.0
08/01/21,NY,33.0
08/01/21,OH,60.0
08/01/21,OK,48.0
08/01/21,OR,19.0
08/01/21,PA,18.0
08/01/21,PR,0.0
08/01/21,RI,3.0
08/01/21,SC,1.0
08/01/21,SD,4.0
08/01/21,TN,20.0
08/01/21,TX,199.0
08/01/21,UT,17.0
08/01/21,VA,11.0
08/01/21,VT,1.0
08/01/21,WA,12.0
08/01/21,WI,5.0
08/01/21,WV,4.0
08/01/21,WY,1.0
08/08/21,AK,2.0
08/08/21,AL,28.0
08/08/21,AR,36.0
08/08/21,AZ,53.0
08/08/21,CA,314.0
08/08/21,CO,13.0
08/08/21,CT,33.0
08/08/21,DC,0.0
08/08/21,DE,2.0
08/08/21,FL,467.0
08/08/21,GA,36.0
08/08/21,GU,0.0
08/08/21,HI,2.0
08/08/21,IA,29.0
08/08/21,ID,2.0
08/08/21,IL,48.0
08/08/21,IN,15.0
08/08/21,KS,24.0
08/08/21,KY,31.0
08/08/21,LA,48.0
08/08/21,MA,89.0
08/08/21,MD,3.0
08/08/21,ME,0.0
08/08/21,MI,38.0
08/08/21,MN,26.0
08/08/21,MO,54.0
08/08/21,MS,11.0
08/08/21,MT,5.0
08/08/21,NC,56.0
08/08/21,ND,1.0
08/08/21,NE,21.0
08/08/21,NH,1.0
08/08/21,NJ,57.0
08/08/21,NM,7.0
08/08/21,NV,29.0
08/08/21,NY,26.0
08/08/21,OH,58.0
08/08/21,OK,37.0
08/08/21,OR,114.0
08/08/21,PA,14.0
08/08/21,PR,0.0
08/08/21,RI,1.0
08/08/21,SC,17.0
08/08/21,SD,3.0
08/08/21,TN,32.0
08/08/21,TX,266.0
08/08/21,UT,16.0
08/08/21,VA,30.0
08/08/21,VT,0.0
08/08/21,WA,6.0
08/08/21,WI,30.0
08/08/21,WV,3.0
08/08/21,WY,0.0
08/15/21,AK,3.0
08/15/21,AL,47.0
08/15/21,AR,46.0
08/15/21,AZ,78.0
08/15/21,CA,347.0
08/15/21,CO,21.0
08/15/21,CT,36.0
08/15/21,DC,0.0
08/15/21,DE,1.0
08/15/21,FL,564.0
08/15/21,GA,49.0
08/15/21,GU,0.0
08/15/21,HI,0.0
08/15/21,IA,16.0
08/15/21,ID,6.0
08/15/21,IL,54.0
08/15/21,IN,24.0
08/15/21,KS,34.0
08/15/21,KY,38.0
08/15/21,LA,51.0
08/15/21,MA,90.0
08/15/21,MD,10.0
08/15/21,ME,4.0
08/15/21,MI,24.0
08/15/21,MN,31.0
08/15/21,MO,54.0
08/15/21,MS,23.0
08/15/21,MT,3.0
08/15/21,NC,63.0
08/15/21,ND,0.0
08/15/21,NE,20.0
08/15/21,NH,2.0
08/15/21,NJ,72.0
08/15/21,NM,4.0
08/15/21,NV,21.0
08/15/21,NY,34.0
08/15/21,OH,84.0
08/15/21,OK,43.0
08/15/21,OR,32.0
08/15/21,PA,49.0
08/15/21,PR,0.0
08/15/21,RI,13.0
08/15/21,SC,31.0
08/15/21,SD,6.0
08/15/21,TN,74.0
08/15/21,TX,355.0
08/15/21,UT,12.0
08/15/21,VA,21.0
08/15/21,VT,0.0
08/15/21,WA,8.0
08/15/21,WI,39.0
08/15/21,WV,4.0
08/15/21,WY,0.0
08/22/21,AK,0.0
08/22/21,AL,57.0
08/22/21,AR,34.0
08/22/21,AZ,71.0
08/22/21,CA,363.0
08/22/21,CO,14.0
08/22/21,CT,57.0
08/22/21,DC,1.0
08/22/21,DE,0.0
08/22/21,FL,687.0
08/22/21,GA,82.0
08/22/21,GU,0.0
08/22/21,HI,0.0
08/22/21,IA,38.0
08/22/21,ID,6.0
08/22/21,IL,56.0
08/22/21,IN,42.0
08/22/21,KS,34.0
08/22/21,KY,43.0
08/22/21,LA,58.0
08/22/21,MA,65.0
08/22/21,MD,10.0
08/22/21,ME,8.0
08/22/21,MI,34.0
08/22/21,MN,22.0
08/22/21,MO,61.0
08/22/21,MS,16.0
08/22/21,MT,6.0
08/22/21,NC,82.0
08/22/21,ND,7.0
08/22/21,NE,24.0
08/22/21,NH,3.0
08/22/21,NJ,84.0
08/22/21,NM,6.0
08/22/21,NV,21.0
08/22/21,NY,79.0
08/22/21,OH,135.0
08/22/21,OK,58.0
08/22/21,OR,46.0
08/22/21,PA,41.0
08/22/21,PR,0.0
08/22/21,RI,3.0
08/22/21,SC,56.0
08/22/21,SD,9.0
08/22/21,TN,104.0
08/22/21,TX,413.0
08/22/21,UT,20.0
08/22/21,VA,32.0
08/22/21,VT,0.0
08/22/21,WA,14.0
08/22/21,WI,27.0
08/22/21,WV,7.0
08/22/21,WY,1.0
08/29/21,AK,0.0
08/29/21,AL,53.0
08/29/21,AR,39.0
08/29/21,AZ,81.0
08/29/21,CA,350.0
08/29/21,CO,18.0
08/29/21,CT,85.0
08/29/21,DC,0.0
08/29/21,DE,5.0
08/29/21,FL,641.0
08/29/21,GA,65.0
08/29/21,GU,0.0
08/29/21,HI,8.0
08/29/21,IA,25.0
08/29/21,ID,7.0
08/29/21,IL,57.0
08/29/21,IN,37.0
08/29/21,KS,34.0
08/29/21,KY,54.0
08/29/21,LA,57.0
08/29/21,MA,81.0
08/29/21,MD,3.0
08/29/21,ME,0.0
08/29/21,MI,42.0
08/29/21,MN,17.0
08/29/21,MO,44.0
08/29/21,MS,29.0
08/29/21,MT,2.0
08/29/21,NC,100.0
08/29/21,ND,2.0
08/29/21,NE,19.0
08/29/21,NH,1.0
08/29/21,NJ,80.0
08/29/21,NM,7.0
08/29/21,NV,24.0
08/29/21,NY,73.0
08/29/21,OH,151.0
08/29/21,OK,104.0
08/29/21,OR,46.0
08/29/21,PA,39.0
08/29/21,PR,0.0
08/29/21,RI,3.0
08/29/21,SC,34.0
08/29/21,SD,8.0
08/29/21,TN,91.0
08/29/21,TX,452.0
08/29/21,UT,22.0
08/29/21,VA,37.0
08/29/21,VT,1.0
08/29/21,WA,32.0
08/29/21,WI,18.0
08/29/21,WV,7.0
08/29/21,WY,2.0
09/05/21,AK,1.0
09/05/21,AL,56.0
09/05/21,AR,30.0
09/05/21,AZ,94.0
09/05/21,CA,346.0
09/05/21,CO,23.0
09/05/21,CT,85.0
09/05/21,DC,0.0
09/05/21,DE,5.0
09/05/21,FL,685.0
09/05/21,GA,92.0
09/05/21,GU,0.0
09/05/21,HI,1.0
09/05/21,IA,26.0
09/05/21,ID,7.0
09/05/21,IL,83.0
09/05/21,IN,54.0
09/05/21,KS,30.0
09/05/21,KY,84.0
09/05/21,LA,27.0
09/05/21,MA,93.0
09/05/21,MD,11.0
09/05/21,ME,1.0
09/05/21,MI,40.0
09/05/21,MN,17.0
09/05/21,MO,54.0
09/05/21,MS,24.0
09/05/21,MT,3.0
09/05/21,NC,108.0
09/05/21,ND,2.0
09/05/21,NE,4.0
09/05/21,NH,0.0
09/05/21,NJ,97.0
09/05/21,NM,12.0
09/05/21,NV,11.0
09/05/21,NY,70.0
09/05/21,OH,129.0
09/05/21,OK,65.0
09/05/21,OR,165.0
09/05/21,PA,76.0
09/05/21,PR,0.0
09/05/21,RI,0.0
09/05/21,SC,47.0
09/05/21,SD,9.0
09/05/21,TN,118.0
09/05/21,TX,532.0
09/05/21,UT,37.0
09/05/21,VA,47.0
09/05/21,VT,1.0
09/05/21,WA,9.0
09/05/21,WI,29.0
09/05/21,WV,12.0
09/05/21,WY,4.0
09/12/21,AK,1.0
09/12/21,AL,54.0
09/12/21,AR,26.0
09/12/21,AZ,67.0
09/12/21,CA,343.0
09/12/21,CO,35.0
09/12/21,CT,58.0
09/12/21,DC,0.0
09/12/21,DE,11.0
09/12/21,FL,530.0
09/12/21,GA,91.0
09/12/21,GU,0.0
09/12/21,HI,1.0
09/12/21,IA,18.0
09/12/21,ID,8.0
09/12/21,IL,99.0
09/12/21,IN,74.0
09/12/21,KS,34.0
09/12/21,KY,59.0
09/12/21,LA,31.0
09/12/21,MA,96.0
09/12/21,MD,7.0
09/12/21,ME,3.0
09/12/21,MI,47.0
09/12/21,MN,29.0
09/12/21,MO,31.0
09/12/21,MS,28.0
09/12/21,MT,18.0
09/12/21,NC,106.0
09/12/21,ND,0.0
09/12/21,NE,7.0
09/12/21,NH,1.0
09/12/21,NJ,95.0
09/12/21,NM,24.0
09/12/21,NV,19.0
09/12/21,NY,67.0
09/12/21,OH,173.0
09/12/21,OK,69.0
09/12/21,OR,83.0
09/12/21,PA,71.0
09/12/21,PR,0.0
09/12/21,RI,5.0
09/12/21,SC,51.0
09/12/21,SD,4.0
09/12/21,TN,104.0
09/12/21,TX,435.0
09/12/21,UT,26.0
09/12/21,VA,57.0
09/12/21,VT,2.0
09/12/21,WA,8.0
09/12/21,WI,27.0
09/12/21,WV,9.0
09/12/21,WY,1.0
09/19/21,AK,0.0
09/19/21,AL,39.0
09/19/21,AR,27.0
09/19/21,AZ,86.0
09/19/21,CA,302.0
09/19/21,CO,25.0
09/19/21,CT,46.0
09/19/21,DC,1.0
09/19/21,DE,0.0
09/19/21,FL,489.0
09/19/21,GA,84.0
09/19/21,GU,0.0
09/19/21,HI,2.0
09/19/21,IA,19.0
09/19/21,ID,6.0
09/19/21,IL,58.0
09/19/21,IN,90.0
09/19/21,KS,44.0
09/19/21,KY,69.0
09/19/21,LA,24.0
09/19/21,MA,106.0
09/19/21,MD,19.0
09/19/21,ME,1.0
09/19/21,MI,59.0
09/19/21,MN,21.0
09/19/21,MO,47.0
09/19/21,MS,17.0
09/19/21,MT,5.0
09/19/21,NC,113.0
09/19/21,ND,0.0
09/19/21,NE,21.0
09/19/21,NH,3.0
09/19/21,NJ,101.0
09/19/21,NM,21.0
09/19/21,NV,16.0
09/19/21,NY,63.0
09/19/21,OH,221.0
09/19/21,OK,62.0
09/19/21,OR,59.0
09/19/21,PA,77.0
09/19/21,PR,0.0
09/19/21,RI,5.0
09/19/21,SC,60.0
09/19/21,SD,1.0
09/19/21,TN,124.0
09/19/21,TX,422.0
09/19/21,UT,35.0
09/19/21,VA,63.0
09/19/21,VT,2.0
09/19/21,WA,20.0
09/19/21,WI,19.0
09/19/21,WV,15.0
09/19/21,WY,23.0
09/26/21,AK,0.0
09/26/21,AL,54.0
09/26/21,AR,29.0
09/26/21,AZ,93.0
09/26/21,CA,244.0
09/26/21,CO,22.0
09/26/21,CT,52.0
09/26/21,DC,0.0
09/26/21,DE,3.0
09/26/21,FL,403.0
09/26/21,GA,82.0
09/26/21,GU,0.0
09/26/21,HI,3.0
09/26/21,IA,22.0
09/26/21,ID,4.0
09/26/21,IL,71.0
09/26/21,IN,60.0
09/26/21,KS,41.0
09/26/21,KY,69.0
09/26/21,LA,21.0
09/26/21,MA,84.0
09/26/21,MD,15.0
09/26/21,ME,3.0
09/26/21,MI,57.0
09/26/21,MN,27.0
09/26/21,MO,32.0
09/26/21,MS,17.0
09/26/21,MT,8.0
09/26/21,NC,110.0
09/26/21,ND,2.0
09/26/21,NE,18.0
09/26/21,NH,5.0
09/26/21,NJ,126.0
09/26/21,NM,21.0
09/26/21,NV,26.0
09/26/21,NY,86.0
09/26/21,OH,241.0
09/26/21,OK,40.0
09/26/21,OR,61.0
09/26/21,PA,84.0
09/26/21,PR,0.0
09/26/21,RI,3.0
09/26/21,SC,69.0
09/26/21,SD,3.0
09/26/21,TN,95.0
09/26/21,TX,377.0
09/26/21,UT,30.0
09/26/21,VA,58.0
09/26/21,VT,1.0
09/26/21,WA,17.0
09/26/21,WI,22.0
09/26/21,WV,8.0
09/26/21,WY,8.0
10/03/21,AK,0.0
10/03/21,AL,58.0
10/03/21,AR,20.0
10/03/21,AZ,103.0
10/03/21,CA,253.0
10/03/21,CO,25.0
10/03/21,CT,31.0
10/03/21,DC,0.0
10/03/21,DE,1.0
10/03/21,FL,302.0
10/03/21,GA,51.0
10/03/21,GU,0.0
10/03/21,HI,0.0
10/03/21,IA,30.0
10/03/21,ID,4.0
10/03/21,IL,68.0
10/03/21,IN,75.0
10/03/21,KS,20.0
10/03/21,KY,66.0
10/03/21,LA,9.0
10/03/21,MA,94.0
10/03/21,MD,8.0
10/03/21,ME,6.0
10/03/21,MI,81.0
10/03/21,MN,25.0
10/03/21,MO,33.0
10/03/21,MS,8.0
10/03/21,MT,3.0
10/03/21,NC,98.0
10/03/21,ND,2.0
10/03/21,NE,18.0
10/03/21,NH,0.0
10/03/21,NJ,84.0
10/03/21,NM,18.0
10/03/21,NV,22.0
10/03/21,NY,61.0
10/03/21,OH,241.0
10/03/21,OK,52.0
10/03/21,OR,55.0
10/03/21,PA,87.0
10/03/21,PR,0.0
10/03/21,RI,10.0
10/03/21,SC,58.0
10/03/21,SD,6.0
10/03/21,TN,92.0
10/03/21,TX,322.0
10/03/21,UT,30.0
10/03/21,VA,65.0
10/03/21,VT,0.0
10/03/21,WA,35.0
10/03/21,WI,23.0
10/03/21,WV,9.0
10/03/21,WY,4.0
10/10/21,AK,1.0
10/10/21,AL,69.0
10/10/21,AR,21.0
10/10/21,AZ,77.0
10/10/21,CA,255.0
10/10/21,CO,29.0
10/10/21,CT,44.0
10/10/21,DC,0.0
10/10/21,DE,4.0
10/10/21,FL,215.0
10/10/21,GA,68.0
10/10/21,GU,0.0
10/10/21,HI,0.0
10/10/21,IA,20.0
10/10/21,ID,13.0
10/10/21,IL,89.0
10/10/21,IN,62.0
10/10/21,KS,21.0
10/10/21,KY,43.0
10/10/21,LA,13.0
10/10/21,MA,110.0
10/10/21,MD,18.0
10/10/21,ME,5.0
10/10/21,MI,67.0
10/10/21,MN,16.0
10/10/21,MO,29.0
10/10/21,MS,9.0
10/10/21,MT,8.0
10/10/21,NC,107.0
10/10/21,ND,1.0
10/10/21,NE,28.0
10/10/21,NH,3.0
10/10/21,NJ,95.0
10/10/21,NM,18.0
10/10/21,NV,16.0
10/10/21,NY,88.0
10/10/21,OH,213.0
10/10/21,OK,33.0
10/10/21,OR,42.0
10/10/21,PA,70.0
10/10/21,PR,0.0
10/10/21,RI,2.0
10/10/21,SC,40.0
10/10/21,SD,12.0
10/10/21,TN,69.0
10/10/21,TX,266.0
10/10/21,UT,23.0
10/10/21,VA,51.0
10/10/21,VT,1.0
10/10/21,WA,32.0
10/10/21,WI,19.0
10/10/21,WV,16.0
10/10/21,WY,8.0
10/17/21,AK,1.0
10/17/21,AL,36.0
10/17/21,AR,17.0
10/17/21,AZ,85.0
10/17/21,CA,246.0
10/17/21,CO,17.0
10/17/21,CT,59.0
10/17/21,DC,0.0
10/17/21,DE,1.0
10/17/21,FL,132.0
10/17/21,GA,49.0
10/17/21,GU,0.0
10/17/21,HI,1.0
10/17/21,IA,22.0
10/17/21,ID,11.0
10/17/21,IL,75.0
10/17/21,IN,32.0
10/17/21,KS,26.0
10/17/21,KY,39.0
10/17/21,LA,12.0
10/17/21,MA,77.0
10/17/21,MD,10.0
10/17/21,ME,0.0
10/17/21,MI,82.0
10/17/21,MN,15.0
10/17/21,MO,34.0
10/17/21,MS,8.0
10/17/21,MT,12.0
10/17/21,NC,104.0
10/17/21,ND,8.0
10/17/21,NE,14.0
10/17/21,NH,1.0
10/17/21,NJ,69.0
10/17/21,NM,19.0
10/17/21,NV,17.0
10/17/21,NY,75.0
10/17/21,OH,205.0
10/17/21,OK,35.0
10/17/21,OR,47.0
10/17/21,PA,264.0
10/17/21,PR,0.0
10/17/21,RI,1.0
10/17/21,SC,27.0
10/17/21,SD,7.0
10/17/21,TN,55.0
10/17/21,TX,166.0
10/17/21,UT,38.0
10/17/21,VA,47.0
10/17/21,VT,0.0
10/17/21,WA,25.0
10/17/21,WI,28.0
10/17/21,WV,3.0
10/17/21,WY,3.0
10/24/21,AK,0.0
10/24/21,AL,36.0
10/24/21,AR,12.0
10/24/21,AZ,90.0
10/24/21,CA,232.0
10/24/21,CO,29.0
10/24/21,CT,54.0
10/24/21,DC,0.0
10/24/21,DE,1.0
10/24/21,FL,98.0
10/24/21,GA,59.0
10/24/21,GU,0.0
10/24/21,HI,0.0
10/24/21,IA,15.0
10/24/21,ID,12.0
10/24/21,IL,79.0
10/24/21,IN,37.0
10/24/21,KS,21.0
10/24/21,KY,34.0
10/24/21,LA,11.0
10/24/21,MA,92.0
10/24/21,MD,8.0
10/24/21,ME,6.0
10/24/21,MI,77.0
10/24/21,MN,6.0
10/24/21,MO,22.0
10/24/21,MS,8.0
10/24/21,MT,7.0
10/24/21,NC,92.0
10/24/21,ND,3.0
10/24/21,NE,23.0
10/24/21,NH,2.0
10/24/21,NJ,77.0
10/24/21,NM,23.0
10/24/21,NV,19.0
10/24/21,NY,64.0
10/24/21,OH,218.0
10/24/21,OK,34.0
10/24/21,OR,71.0
10/24/21,PA,78.0
10/24/21,PR,0.0
10/24/21,RI,2.0
10/24/21,SC,42.0
10/24/21,SD,4.0
10/24/21,TN,46.0
10/24/21,TX,113.0
10/24/21,UT,46.0
10/24/21,VA,49.0
10/24/21,VT,1.0
10/24/21,WA,28.0
10/24/21,WI,26.0
10/24/21,WV,6.0
10/24/21,WY,4.0
10/31/21,AK,1.0
10/31/21,AL,31.0
10/31/21,AR,16.0
10/31/21,AZ,91.0
10/31/21,CA,246.0
10/31/21,CO,39.0
10/31/21,CT,40.0
10/31/21,DC,0.0
10/31/21,DE,0.0
10/31/21,FL,87.0
10/31/21,GA,27.0
10/31/21,GU,0.0
10/31/21,HI,0.0
10/31/21,IA,17.0
10/31/21,ID,12.0
10/31/21,IL,75.0
10/31/21,IN,38.0
10/31/21,KS,26.0
10/31/21,KY,50.0
10/31/21,LA,13.0
10/31/21,MA,97.0
10/31/21,MD,11.0
10/31/21,ME,21.0
10/31/21,MI,77.0
10/31/21,MN,80.0
10/31/21,MO,36.0
10/31/21,MS,10.0
10/31/21,MT,14.0
10/31/21,NC,78.0
10/31/21,ND,3.0
10/31/21,NE,25.0
10/31/21,NH,7.0
10/31/21,NJ,46.0
10/31/21,NM,20.0
10/31/21,NV,8.0
10/31/21,NY,47.0
10/31/21,OH,192.0
10/31/21,OK,21.0
10/31/21,OR,50.0
10/31/21,PA,102.0
10/31/21,PR,0.0
10/31/21,RI,3.0
10/31/21,SC,29.0
10/31/21,SD,6.0
10/31/21,TN,53.0
10/31/21,TX,109.0
10/31/21,UT,36.0
10/31/21,VA,42.0
10/31/21,VT,2.0
10/31/21,WA,26.0
10/31/21,WI,26.0
10/31/21,WV,5.0
10/31/21,WY,3.0
11/07/21,AK,3.0
11/07/21,AL,34.0
11/07/21,AR,30.0
11/07/21,AZ,101.0
11/07/21,CA,231.0
11/07/21,CO,34.0
11/07/21,CT,62.0
11/07/21,DC,0.0
11/07/21,DE,5.0
11/07/21,FL,60.0
11/07/21,GA,29.0
11/07/21,GU,0.0
11/07/21,HI,0.0
11/07/21,IA,31.0
11/07/21,ID,83.0
11/07/21,IL,140.0
11/07/21,IN,48.0
11/07/21,KS,22.0
11/07/21,KY,29.0
11/07/21,LA,9.0
11/07/21,MA,119.0
11/07/21,MD,8.0
11/07/21,ME,12.0
11/07/21,MI,103.0
11/07/21,MN,19.0
11/07/21,MO,34.0
11/07/21,MS,9.0
11/07/21,MT,4.0
11/07/21,NC,59.0
11/07/21,ND,11.0
11/07/21,NE,27.0
11/07/21,NH,3.0
11/07/21,NJ,81.0
11/07/21,NM,20.0
11/07/21,NV,4.0
11/07/21,NY,60.0
11/07/21,OH,152.0
11/07/21,OK,23.0
11/07/21,OR,34.0
11/07/21,PA,102.0
11/07/21,PR,0.0
11/07/21,RI,0.0
11/07/21,SC,18.0
11/07/21,SD,6.0
11/07/21,TN,35.0
11/07/21,TX,107.0
11/07/21,UT,44.0
11/07/21,VA,39.0
11/07/21,VT,1.0
11/07/21,WA,29.0
11/07/21,WI,23.0
11/07/21,WV,6.0
11/07/21,WY,3.0
11/14/21,AK,2.0
11/14/21,AL,19.0
11/14/21,AR,11.0
11/14/21,AZ,95.0
11/14/21,CA,213.0
11/14/21,CO,40.0
11/14/21,CT,48.0
11/14/21,DC,0.0
11/14/21,DE,10.0
11/14/21,FL,57.0
11/14/21,GA,60.0
11/14/21,GU,0.0
11/14/21,HI,0.0
11/14/21,IA,34.0
11/14/21,ID,7.0
11/14/21,IL,70.0
11/14/21,IN,39.0
11/14/21,KS,14.0
11/14/21,KY,44.0
11/14/21,LA,9.0
11/14/21,MA,96.0
11/14/21,MD,9.0
11/14/21,ME,15.0
11/14/21,MI,134.0
11/14/21,MN,22.0
11/14/21,MO,35.0
11/14/21,MS,5.0
11/14/21,MT,11.0
11/14/21,NC,45.0
11/14/21,ND,3.0
11/14/21,NE,21.0
11/14/21,NH,5.0
11/14/21,NJ,76.0
11/14/21,NM,32.0
11/14/21,NV,9.0
11/14/21,NY,43.0
11/14/21,OH,185.0
11/14/21,OK,40.0
11/14/21,OR,39.0
11/14/21,PA,89.0
11/14/21,PR,0.0
11/14/21,RI,4.0
11/14/21,SC,17.0
11/14/21,SD,6.0
11/14/21,TN,58.0
11/14/21,TX,70.0
11/14/21,UT,29.0
11/14/21,VA,21.0
11/14/21,VT,0.0
11/14/21,WA,44.0
11/14/21,WI,21.0
11/14/21,WV,11.0
11/14/21,WY,6.0
11/21/21,AK,3.0
11/21/21,AL,17.0
11/21/21,AR,11.0
11/21/21,AZ,100.0
11/21/21,CA,151.0
11/21/21,CO,45.0
11/21/21,CT,63.0
11/21/21,DC,0.0
11/21/21,DE,6.0
11/21/21,FL,58.0
11/21/21,GA,51.0
11/21/21,GU,0.0
11/21/21,HI,0.0
11/21/21,IA,32.0
11/21/21,ID,8.0
11/21/21,IL,51.0
11/21/21,IN,37.0
11/21/21,KS,21.0
11/21/21,KY,40.0
11/21/21,LA,5.0
11/21/21,MA,99.0
11/21/21,MD,8.0
11/21/21,ME,16.0
11/21/21,MI,153.0
11/21/21,MN,19.0
11/21/21,MO,29.0
11/21/21,MS,9.0
11/21/21,MT,11.0
11/21/21,NC,40.0
11/21/21,ND,1.0
11/21/21,NE,22.0
11/21/21,NH,3.0
11/21/21,NJ,83.0
11/21/21,NM,33.0
11/21/21,NV,15.0
11/21/21,NY,59.0
11/21/21,OH,209.0
11/21/21,OK,24.0
11/21/21,OR,53.0
11/21/21,PA,86.0
11/21/21,PR,0.0
11/21/21,RI,1.0
11/21/21,SC,20.0
11/21/21,SD,5.0
11/21/21,TN,41.0
11/21/21,TX,93.0
11/21/21,UT,30.0
11/21/21,VA,40.0
11/21/21,VT,2.0
11/21/21,WA,68.0
11/21/21,WI,24.0
11/21/21,WV,13.0
11/21/21,WY,4.0
11/28/21,AK,0.0
11/28/21,AL,28.0
11/28/21,AR,12.0
11/28/21,AZ,141.0
11/28/21,CA,171.0
11/28/21,CO,42.0
11/28/21,CT,70.0
11/28/21,DC,0.0
11/28/21,DE,5.0
11/28/21,FL,40.0
11/28/21,GA,57.0
11/28/21,GU,0.0
11/28/21,HI,0.0
11/28/21,IA,20.0
11/28/21,ID,6.0
11/28/21,IL,82.0
11/28/21,IN,50.0
11/28/21,KS,29.0
11/28/21,KY,37.0
11/28/21,LA,15.0
11/28/21,MA,117.0
11/28/21,MD,3.0
11/28/21,ME,9.0
11/28/21,MI,96.0
11/28/21,MN,18.0
11/28/21,MO,25.0
11/28/21,MS,5.0
11/28/21,MT,6.0
11/28/21,NC,55.0
11/28/21,ND,1.0
11/28/21,NE,24.0
11/28/21,NH,2.0
11/28/21,NJ,56.0
11/28/21,NM,20.0
11/28/21,NV,12.0
11/28/21,NY,48.0
11/28/21,OH,203.0
11/28/21,OK,33.0
11/28/21,OR,71.0
11/28/21,PA,97.0
11/28/21,PR,0.0
11/28/21,RI,17.0
11/28/21,SC,16.0
11/28/21,SD,6.0
11/28/21,TN,33.0
11/28/21,TX,43.0
11/28/21,UT,36.0
11/28/21,VA,27.0
11/28/21,VT,0.0
11/28/21,WA,52.0
11/28/21,WI,20.0
11/28/21,WV,5.0
11/28/21,WY,1.0
12/05/21,AK,3.0
12/05/21,AL,18.0
12/05/21,AR,19.0
12/05/21,AZ,107.0
12/05/21,CA,217.0
12/05/21,CO,69.0
12/05/21,CT,59.0
12/05/21,DC,0.0
12/05/21,DE,0.0
12/05/21,FL,41.0
12/05/21,GA,25.0
12/05/21,GU,0.0
12/05/21,HI,0.0
12/05/21,IA,28.0
12/05/21,ID,9.0
12/05/21,IL,113.0
12/05/21,IN,49.0
12/05/21,KS,22.0
12/05/21,KY,35.0
12/05/21,LA,6.0
12/05/21,MA,118.0
12/05/21,MD,8.0
12/05/21,ME,5.0
12/05/21,MI,108.0
12/05/21,MN,21.0
12/05/21,MO,37.0
12/05/21,MS,8.0
12/05/21,MT,12.0
12/05/21,NC,47.0
12/05/21,ND,3.0
12/05/21,NE,22.0
12/05/21,NH,4.0
12/05/21,NJ,96.0
12/05/21,NM,40.0
12/05/21,NV,9.0
12/05/21,NY,90.0
12/05/21,OH,246.0
12/05/21,OK,43.0
12/05/21,OR,50.0
12/05/21,PA,105.0
12/05/21,PR,0.0
12/05/21,RI,3.0
12/05/21,SC,20.0
12/05/21,SD,13.0
12/05/21,TN,38.0
12/05/21,TX,69.0
12/05/21,UT,38.0
12/05/21,VA,28.0
12/05/21,VT,0.0
12/05/21,WA,52.0
12/05/21,WI,14.0
12/05/21,WV,7.0
12/05/21,WY,0.0
12/12/21,AK,2.0
12/12/21,AL,12.0
12/12/21,AR,17.0
12/12/21,AZ,135.0
12/12/21,CA,196.0
12/12/21,CO,47.0
12/12/21,CT,48.0
12/12/21,DC,0.0
12/12/21,DE,10.0
12/12/21,FL,48.0
12/12/21,GA,51.0
12/12/21,GU,0.0
12/12/21,HI,0.0
12/12/21,IA,32.0
12/12/21,ID,0.0
12/12/21,IL,117.0
12/12/21,IN,44.0
12/12/21,KS,43.0
12/12/21,KY,49.0
12/12/21,LA,8.0
12/12/21,MA,132.0
12/12/21,MD,11.0
12/12/21,ME,5.0
12/12/21,MI,144.0
12/12/21,MN,21.0
12/12/21,MO,68.0
12/12/21,MS,5.0
12/12/21,MT,16.0
12/12/21,NC,72.0
12/12/21,ND,3.0
12/12/21,NE,33.0
12/12/21,NH,6.0
12/12/21,NJ,134.0
12/12/21,NM,33.0
12/12/21,NV,11.0
12/12/21,NY,103.0
12/12/21,OH,267.0
12/12/21,OK,37.0
12/12/21,OR,44.0
12/12/21,PA,148.0
12/12/21,PR,0.0
12/12/21,RI,3.0
12/12/21,SC,13.0
12/12/21,SD,8.0
12/12/21,TN,41.0
12/12/21,TX,84.0
12/12/21,UT,49.0
12/12/21,VA,43.0
12/12/21,VT,6.0
12/12/21,WA,47.0
12/12/21,WI,27.0
12/12/21,WV,12.0
12/12/21,WY,0.0
12/19/21,AK,1.0
12/19/21,AL,12.0
12/19/21,AR,20.0
12/19/21,AZ,114.0
12/19/21,CA,211.0
12/19/21,CO,31.0
12/19/21,CT,62.0
12/19/21,DC,0.0
12/19/21,DE,10.0
12/19/21,FL,33.0
12/19/21,GA,43.0
12/19/21,GU,0.0
12/19/21,HI,0.0
12/19/21,IA,25.0
12/19/21,ID,12.0
12/19/21,IL,159.0
12/19/21,IN,93.0
12/19/21,KS,26.0
12/19/21,KY,59.0
12/19/21,LA,7.0
12/19/21,MA,143.0
12/19/21,MD,21.0
12/19/21,ME,8.0
12/19/21,MI,120.0
12/19/21,MN,33.0
12/19/21,MO,47.0
12/19/21,MS,4.0
12/19/21,MT,6.0
12/19/21,NC,62.0
12/19/21,ND,0.0
12/19/21,NE,26.0
12/19/21,NH,9.0
12/19/21,NJ,146.0
12/19/21,NM,29.0
12/19/21,NV,10.0
12/19/21,NY,112.0
12/19/21,OH,288.0
12/19/21,OK,42.0
12/19/21,OR,42.0
12/19/21,PA,151.0
12/19/21,PR,0.0
12/19/21,RI,4.0
12/19/21,SC,13.0
12/19/21,SD,3.0
12/19/21,TN,53.0
12/19/21,TX,74.0
12/19/21,UT,27.0
12/19/21,VA,55.0
12/19/21,VT,1.0
12/19/21,WA,43.0
12/19/21,WI,35.0
12/19/21,WV,6.0
12/19/21,WY,1.0
12/26/21,AK,2.0
12/26/21,AL,20.0
12/26/21,AR,19.0
12/26/21,AZ,111.0
12/26/21,CA,172.0
12/26/21,CO,28.0
12/26/21,CT,69.0
12/26/21,DC,0.0
12/26/21,DE,1.0
12/26/21,FL,82.0
12/26/21,GA,35.0
12/26/21,GU,0.0
12/26/21,HI,0.0
12/26/21,IA,23.0
12/26/21,ID,11.0
12/26/21,IL,191.0
12/26/21,IN,80.0
12/26/21,KS,24.0
12/26/21,KY,48.0
12/26/21,LA,9.0
12/26/21,MA,175.0
12/26/21,MD,18.0
12/26/21,ME,6.0
12/26/21,MI,107.0
12/26/21,MN,23.0
12/26/21,MO,37.0
12/26/21,MS,6.0
12/26/21,MT,4.0
12/26/21,NC,53.0
12/26/21,ND,1.0
12/26/21,NE,18.0
12/26/21,NH,8.0
12/26/21,NJ,227.0
12/26/21,NM,33.0
12/26/21,NV,6.0
12/26/21,NY,123.0
12/26/21,OH,289.0
12/26/21,OK,30.0
12/26/21,OR,52.0
12/26/21,PA,153.0
12/26/21,PR,0.0
12/26/21,RI,2.0
12/26/21,SC,21.0
12/26/21,SD,4.0
12/26/21,TN,95.0
12/26/21,TX,148.0
12/26/21,UT,22.0
12/26/21,VA,61.0
12/26/21,VT,1.0
12/26/21,WA,33.0
12/26/21,WI,33.0
12/26/21,WV,9.0
12/26/21,WY,1.0
