Week Ending,Provider State,cases
01/03/21,AK,630.0
01/03/21,AL,18552.0
01/03/21,AR,13951.0
01/03/21,AZ,9912.0
01/03/21,CA,81864.0
01/03/21,CO,13125.0
01/03/21,CT,17455.0
01/03/21,DC,1941.0
01/03/21,DE,3333.0
01/03/21,FL,62313.0
01/03/21,GA,26823.0
01/03/21,GU,10.0
01/03/21,HI,3197.0
01/03/21,IA,19148.0
01/03/21,ID,3195.0
01/03/21,IL,55008.0
01/03/21,IN,32048.0
01/03/21,KS,14200.0
01/03/21,KY,19438.0
01/03/21,LA,21807.0
01/03/21,MA,29798.0
01/03/21,MD,19512.0
01/03/21,ME,5002.0
01/03/21,MI,29728.0
01/03/21,MN,19534.0
01/03/21,MO,31835.0
01/03/21,MS,13331.0
01/03/21,MT,2870.0
01/03/21,NC,30098.0
01/03/21,ND,4395.0
01/03/21,NE,9325.0
01/03/21,NH,5258.0
01/03/21,NJ,34554.0
01/03/21,NM,4299.0
01/03/21,NV,4739.0
01/03/21,NY,85572.0
01/03/21,OH,59768.0
01/03/21,OK,14734.0
01/03/21,OR,6223.0
01/03/21,PA,60246.0
01/03/21,PR,37.0
01/03/21,RI,5964.0
01/03/21,SC,14654.0
01/03/21,SD,4795.0
01/03/21,TN,22462.0
01/03/21,TX,73784.0
01/03/21,UT,4819.0
01/03/21,VA,22921.0
01/03/21,VT,2089.0
01/03/21,WA,12193.0
01/03/21,WI,17678.0
01/03/21,WV,7981.0
01/03/21,WY,1917.0
01/10/21,AK,636.0
01/10/21,AL,18438.0
01/10/21,AR,13911.0
01/10/21,AZ,9986.0
01/10/21,CA,81340.0
01/10/21,CO,13126.0
01/10/21,CT,17566.0
01/10/21,DC,1946.0
01/10/21,DE,3335.0
01/10/21,FL,62715.0
01/10/21,GA,26821.0
01/10/21,GU,7.0
01/10/21,HI,3199.0
01/10/21,IA,19142.0
01/10/21,ID,3366.0
01/10/21,IL,54726.0
01/10/21,IN,31655.0
01/10/21,KS,14176.0
01/10/21,KY,19270.0
01/10/21,LA,21731.0
01/10/21,MA,30314.0
01/10/21,MD,19371.0
01/10/21,ME,4976.0
01/10/21,MI,29989.0
01/10/21,MN,19480.0
01/10/21,MO,31885.0
01/10/21,MS,13296.0
01/10/21,MT,2865.0
01/10/21,NC,30049.0
01/10/21,ND,4392.0
01/10/21,NE,9342.0
01/10/21,NH,5284.0
01/10/21,NJ,35377.0
01/10/21,NM,4305.0
01/10/21,NV,4752.0
01/10/21,NY,85445.0
01/10/21,OH,59019.0
01/10/21,OK,14791.0
01/10/21,OR,6256.0
01/10/21,PA,60442.0
01/10/21,PR,35.0
01/10/21,RI,5975.0
01/10/21,SC,14628.0
01/10/21,SD,4581.0
01/10/21,TN,22546.0
01/10/21,TX,73845.0
01/10/21,UT,4844.0
01/10/21,VA,22769.0
01/10/21,VT,2114.0
01/10/21,WA,12200.0
01/10/21,WI,17801.0
01/10/21,WV,7937.0
01/10/21,WY,1898.0
01/17/21,AK,643.0
01/17/21,AL,18549.0
01/17/21,AR,13897.0
01/17/21,AZ,10074.0
01/17/21,CA,81486.0
01/17/21,CO,13191.0
01/17/21,CT,17749.0
01/17/21,DC,1960.0
01/17/21,DE,3335.0
01/17/21,FL,62964.0
01/17/21,GA,26870.0
01/17/21,GU,8.0
01/17/21,HI,3233.0
01/17/21,IA,19207.0
01/17/21,ID,3388.0
01/17/21,IL,55653.0
01/17/21,IN,31867.0
01/17/21,KS,14228.0
01/17/21,KY,19376.0
01/17/21,LA,21755.0
01/17/21,MA,30075.0
01/17/21,MD,19615.0
01/17/21,ME,4930.0
01/17/21,MI,30126.0
01/17/21,MN,19562.0
01/17/21,MO,32031.0
01/17/21,MS,13320.0
01/17/21,MT,2904.0
01/17/21,NC,30000.0
01/17/21,ND,4384.0
01/17/21,NE,9316.0
01/17/21,NH,5286.0
01/17/21,NJ,35059.0
01/17/21,NM,4376.0
01/17/21,NV,4786.0
01/17/21,NY,85706.0
01/17/21,OH,58941.0
01/17/21,OK,14717.0
01/17/21,OR,6278.0
01/17/21,PA,61382.0
01/17/21,PR,31.0
01/17/21,RI,5968.0
01/17/21,SC,14754.0
01/17/21,SD,4606.0
01/17/21,TN,22617.0
01/17/21,TX,74431.0
01/17/21,UT,4902.0
01/17/21,VA,22666.0
01/17/21,VT,2128.0
01/17/21,WA,12244.0
01/17/21,WI,17958.0
01/17/21,WV,8007.0
01/17/21,WY,1914.0
01/24/21,AK,656.0
01/24/21,AL,18633.0
01/24/21,AR,13958.0
01/24/21,AZ,10154.0
01/24/21,CA,81709.0
01/24/21,CO,13307.0
01/24/21,CT,17771.0
01/24/21,DC,1968.0
01/24/21,DE,3259.0
01/24/21,FL,63341.0
01/24/21,GA,26752.0
01/24/21,GU,9.0
01/24/21,HI,3228.0
01/24/21,IA,19335.0
01/24/21,ID,3325.0
01/24/21,IL,56307.0
01/24/21,IN,31997.0
01/24/21,KS,14230.0
01/24/21,KY,19396.0
01/24/21,LA,21719.0
01/24/21,MA,30083.0
01/24/21,MD,19679.0
01/24/21,ME,4938.0
01/24/21,MI,30158.0
01/24/21,MN,19498.0
01/24/21,MO,32240.0
01/24/21,MS,13270.0
01/24/21,MT,2918.0
01/24/21,NC,30042.0
01/24/21,ND,4431.0
01/24/21,NE,9412.0
01/24/21,NH,5273.0
01/24/21,NJ,35104.0
01/24/21,NM,4397.0
01/24/21,NV,4824.0
01/24/21,NY,85426.0
01/24/21,OH,59231.0
01/24/21,OK,14635.0
01/24/21,OR,6316.0
01/24/21,PA,60743.0
01/24/21,PR,66.0
01/24/21,RI,5985.0
01/24/21,SC,14728.0
01/24/21,SD,4620.0
01/24/21,TN,22601.0
01/24/21,TX,74264.0
01/24/21,UT,4923.0
01/24/21,VA,22893.0
01/24/21,VT,2162.0
01/24/21,WA,12229.0
01/24/21,WI,18088.0
01/24/21,WV,8030.0
01/24/21,WY,1922.0
01/31/21,AK,662.0
01/31/21,AL,18651.0
01/31/21,AR,13980.0
01/31/21,AZ,10123.0
01/31/21,CA,82370.0
01/31/21,CO,13298.0
01/31/21,CT,17765.0
01/31/21,DC,1940.0
01/31/21,DE,3372.0
01/31/21,FL,63403.0
01/31/21,GA,26817.0
01/31/21,GU,7.0
01/31/21,HI,3219.0
01/31/21,IA,19359.0
01/31/21,ID,3500.0
01/31/21,IL,55560.0
01/31/21,IN,32815.0
01/31/21,KS,14221.0
01/31/21,KY,19482.0
01/31/21,LA,21826.0
01/31/21,MA,29911.0
01/31/21,MD,19788.0
01/31/21,ME,4951.0
01/31/21,MI,30314.0
01/31/21,MN,19731.0
01/31/21,MO,32089.0
01/31/21,MS,13122.0
01/31/21,MT,2962.0
01/31/21,NC,29990.0
01/31/21,ND,4440.0
01/31/21,NE,9469.0
01/31/21,NH,5257.0
01/31/21,NJ,35173.0
01/31/21,NM,4375.0
01/31/21,NV,4839.0
01/31/21,NY,86075.0
01/31/21,OH,59262.0
01/31/21,OK,14696.0
01/31/21,OR,6283.0
01/31/21,PA,60991.0
01/31/21,PR,88.0
01/31/21,RI,5993.0
01/31/21,SC,14763.0
01/31/21,SD,4638.0
01/31/21,TN,22666.0
01/31/21,TX,74182.0
01/31/21,UT,4953.0
01/31/21,VA,23032.0
01/31/21,VT,2160.0
01/31/21,WA,12359.0
01/31/21,WI,18653.0
01/31/21,WV,8172.0
01/31/21,WY,1937.0
02/07/21,AK,665.0
02/07/21,AL,18570.0
02/07/21,AR,14001.0
02/07/21,AZ,10211.0
02/07/21,CA,82519.0
02/07/21,CO,13310.0
02/07/21,CT,17803.0
02/07/21,DC,1953.0
02/07/21,DE,3360.0
02/07/21,FL,64190.0
02/07/21,GA,26900.0
02/07/21,GU,9.0
02/07/21,HI,3305.0
02/07/21,IA,19213.0
02/07/21,ID,3577.0
02/07/21,IL,55243.0
02/07/21,IN,32196.0
02/07/21,KS,14236.0
02/07/21,KY,19471.0
02/07/21,LA,21846.0
02/07/21,MA,29802.0
02/07/21,MD,19878.0
02/07/21,ME,4943.0
02/07/21,MI,30387.0
02/07/21,MN,20640.0
02/07/21,MO,32055.0
02/07/21,MS,13106.0
02/07/21,MT,2987.0
02/07/21,NC,29999.0
02/07/21,ND,4435.0
02/07/21,NE,9450.0
02/07/21,NH,5255.0
02/07/21,NJ,35153.0
02/07/21,NM,4448.0
02/07/21,NV,4886.0
02/07/21,NY,87078.0
02/07/21,OH,59806.0
02/07/21,OK,15159.0
02/07/21,OR,6369.0
02/07/21,PA,60964.0
02/07/21,PR,89.0
02/07/21,RI,6009.0
02/07/21,SC,14725.0
02/07/21,SD,4681.0
02/07/21,TN,22648.0
02/07/21,TX,73895.0
02/07/21,UT,4942.0
02/07/21,VA,23202.0
02/07/21,VT,2161.0
02/07/21,WA,12395.0
02/07/21,WI,18078.0
02/07/21,WV,8111.0
02/07/21,WY,1946.0
02/14/21,AK,670.0
02/14/21,AL,18538.0
02/14/21,AR,13898.0
02/14/21,AZ,10197.0
02/14/21,CA,82808.0
02/14/21,CO,13385.0
02/14/21,CT,17844.0
02/14/21,DC,1957.0
02/14/21,DE,3373.0
02/14/21,FL,63502.0
02/14/21,GA,26903.0
02/14/21,GU,10.0
02/14/21,HI,3323.0
02/14/21,IA,19385.0
02/14/21,ID,3414.0
02/14/21,IL,55508.0
02/14/21,IN,32328.0
02/14/21,KS,14209.0
02/14/21,KY,19650.0
02/14/21,LA,21782.0
02/14/21,MA,30125.0
02/14/21,MD,19965.0
02/14/21,ME,5021.0
02/14/21,MI,30296.0
02/14/21,MN,20817.0
02/14/21,MO,32058.0
02/14/21,MS,13219.0
02/14/21,MT,2996.0
02/14/21,NC,29883.0
02/14/21,ND,4416.0
02/14/21,NE,9431.0
02/14/21,NH,5301.0
02/14/21,NJ,35240.0
02/14/21,NM,4466.0
02/14/21,NV,4867.0
02/14/21,NY,86788.0
02/14/21,OH,59623.0
02/14/21,OK,14721.0
02/14/21,OR,6358.0
02/14/21,PA,61090.0
02/14/21,PR,97.0
02/14/21,RI,5940.0
02/14/21,SC,14705.0
02/14/21,SD,4708.0
02/14/21,TN,22617.0
02/14/21,TX,73878.0
02/14/21,UT,4922.0
02/14/21,VA,23267.0
02/14/21,VT,2154.0
02/14/21,WA,12024.0
02/14/21,WI,18017.0
02/14/21,WV,8182.0
02/14/21,WY,1938.0
02/21/21,AK,681.0
02/21/21,AL,18579.0
02/21/21,AR,13917.0
02/21/21,AZ,10176.0
02/21/21,CA,83245.0
02/21/21,CO,13316.0
02/21/21,CT,17902.0
02/21/21,DC,1942.0
02/21/21,DE,3385.0
02/21/21,FL,63354.0
02/21/21,GA,26962.0
02/21/21,GU,8.0
02/21/21,HI,3273.0
02/21/21,IA,19383.0
02/21/21,ID,3297.0
02/21/21,IL,56356.0
02/21/21,IN,31890.0
02/21/21,KS,14338.0
02/21/21,KY,19553.0
02/21/21,LA,21766.0
02/21/21,MA,30159.0
02/21/21,MD,20011.0
02/21/21,ME,5028.0
02/21/21,MI,28447.0
02/21/21,MN,19772.0
02/21/21,MO,32087.0
02/21/21,MS,13138.0
02/21/21,MT,2999.0
02/21/21,NC,30047.0
02/21/21,ND,4449.0
02/21/21,NE,9465.0
02/21/21,NH,5333.0
02/21/21,NJ,35419.0
02/21/21,NM,4519.0
02/21/21,NV,4937.0
02/21/21,NY,87163.0
02/21/21,OH,59557.0
02/21/21,OK,14758.0
02/21/21,OR,7277.0
02/21/21,PA,61228.0
02/21/21,PR,102.0
02/21/21,RI,6066.0
02/21/21,SC,14707.0
02/21/21,SD,4700.0
02/21/21,TN,22596.0
02/21/21,TX,73849.0
02/21/21,UT,4920.0
02/21/21,VA,23363.0
02/21/21,VT,2155.0
02/21/21,WA,12165.0
02/21/21,WI,18112.0
02/21/21,WV,8238.0
02/21/21,WY,1924.0
02/28/21,AK,685.0
02/28/21,AL,18516.0
02/28/21,AR,14000.0
02/28/21,AZ,10149.0
02/28/21,CA,83555.0
02/28/21,CO,13508.0
02/28/21,CT,17876.0
02/28/21,DC,1942.0
02/28/21,DE,3404.0
02/28/21,FL,63441.0
02/28/21,GA,26869.0
02/28/21,GU,10.0
02/28/21,HI,3297.0
02/28/21,IA,19375.0
02/28/21,ID,3188.0
02/28/21,IL,55770.0
02/28/21,IN,32924.0
02/28/21,KS,14358.0
02/28/21,KY,19680.0
02/28/21,LA,21704.0
02/28/21,MA,30297.0
02/28/21,MD,20050.0
02/28/21,ME,5058.0
02/28/21,MI,27997.0
02/28/21,MN,19859.0
02/28/21,MO,32045.0
02/28/21,MS,12979.0
02/28/21,MT,3039.0
02/28/21,NC,30227.0
02/28/21,ND,4447.0
02/28/21,NE,9525.0
02/28/21,NH,5356.0
02/28/21,NJ,35303.0
02/28/21,NM,4506.0
02/28/21,NV,4958.0
02/28/21,NY,87145.0
02/28/21,OH,59454.0
02/28/21,OK,14675.0
02/28/21,OR,6388.0
02/28/21,PA,61358.0
02/28/21,PR,102.0
02/28/21,RI,6090.0
02/28/21,SC,14764.0
02/28/21,SD,4708.0
02/28/21,TN,22537.0
02/28/21,TX,74076.0
02/28/21,UT,4882.0
02/28/21,VA,23457.0
02/28/21,VT,2145.0
02/28/21,WA,12172.0
02/28/21,WI,18283.0
02/28/21,WV,8264.0
02/28/21,WY,1943.0
03/07/21,AK,682.0
03/07/21,AL,18628.0
03/07/21,AR,13970.0
03/07/21,AZ,9993.0
03/07/21,CA,83660.0
03/07/21,CO,13966.0
03/07/21,CT,17861.0
03/07/21,DC,1940.0
03/07/21,DE,3406.0
03/07/21,FL,63753.0
03/07/21,GA,27097.0
03/07/21,GU,9.0
03/07/21,HI,3274.0
03/07/21,IA,19495.0
03/07/21,ID,3267.0
03/07/21,IL,55683.0
03/07/21,IN,32173.0
03/07/21,KS,14417.0
03/07/21,KY,19648.0
03/07/21,LA,21459.0
03/07/21,MA,30370.0
03/07/21,MD,19989.0
03/07/21,ME,5077.0
03/07/21,MI,27920.0
03/07/21,MN,20699.0
03/07/21,MO,32184.0
03/07/21,MS,13334.0
03/07/21,MT,3062.0
03/07/21,NC,30201.0
03/07/21,ND,4466.0
03/07/21,NE,9629.0
03/07/21,NH,5386.0
03/07/21,NJ,35218.0
03/07/21,NM,4502.0
03/07/21,NV,4951.0
03/07/21,NY,87511.0
03/07/21,OH,59548.0
03/07/21,OK,14775.0
03/07/21,OR,6391.0
03/07/21,PA,61260.0
03/07/21,PR,115.0
03/07/21,RI,6068.0
03/07/21,SC,14748.0
03/07/21,SD,4708.0
03/07/21,TN,22646.0
03/07/21,TX,74461.0
03/07/21,UT,4955.0
03/07/21,VA,23586.0
03/07/21,VT,2139.0
03/07/21,WA,12328.0
03/07/21,WI,18122.0
03/07/21,WV,8288.0
03/07/21,WY,1940.0
03/14/21,AK,683.0
03/14/21,AL,18699.0
03/14/21,AR,14018.0
03/14/21,AZ,10085.0
03/14/21,CA,84047.0
03/14/21,CO,13503.0
03/14/21,CT,17746.0
03/14/21,DC,1953.0
03/14/21,DE,3435.0
03/14/21,FL,63682.0
03/14/21,GA,26914.0
03/14/21,GU,10.0
03/14/21,HI,3294.0
03/14/21,IA,19479.0
03/14/21,ID,3283.0
03/14/21,IL,55494.0
03/14/21,IN,32110.0
03/14/21,KS,14316.0
03/14/21,KY,19837.0
03/14/21,LA,21897.0
03/14/21,MA,30485.0
03/14/21,MD,20060.0
03/14/21,ME,5110.0
03/14/21,MI,27212.0
03/14/21,MN,20026.0
03/14/21,MO,33455.0
03/14/21,MS,13386.0
03/14/21,MT,3061.0
03/14/21,NC,30482.0
03/14/21,ND,4487.0
03/14/21,NE,9516.0
03/14/21,NH,5405.0
03/14/21,NJ,35128.0
03/14/21,NM,4534.0
03/14/21,NV,4958.0
03/14/21,NY,87773.0
03/14/21,OH,59581.0
03/14/21,OK,14765.0
03/14/21,OR,6399.0
03/14/21,PA,62446.0
03/14/21,PR,101.0
03/14/21,RI,6093.0
03/14/21,SC,14766.0
03/14/21,SD,4728.0
03/14/21,TN,22763.0
03/14/21,TX,74604.0
03/14/21,UT,4916.0
03/14/21,VA,23710.0
03/14/21,VT,2160.0
03/14/21,WA,12405.0
03/14/21,WI,18144.0
03/14/21,WV,8338.0
03/14/21,WY,1954.0
03/21/21,AK,686.0
03/21/21,AL,18794.0
03/21/21,AR,14110.0
03/21/21,AZ,10070.0
03/21/21,CA,85543.0
03/21/21,CO,13546.0
03/21/21,CT,17753.0
03/21/21,DC,1964.0
03/21/21,DE,3460.0
03/21/21,FL,63618.0
03/21/21,GA,27044.0
03/21/21,GU,10.0
03/21/21,HI,3314.0
03/21/21,IA,19858.0
03/21/21,ID,3214.0
03/21/21,IL,55620.0
03/21/21,IN,32230.0
03/21/21,KS,14152.0
03/21/21,KY,19813.0
03/21/21,LA,21826.0
03/21/21,MA,30571.0
03/21/21,MD,20074.0
03/21/21,ME,5126.0
03/21/21,MI,25695.0
03/21/21,MN,19818.0
03/21/21,MO,32253.0
03/21/21,MS,13405.0
03/21/21,MT,3082.0
03/21/21,NC,30391.0
03/21/21,ND,4496.0
03/21/21,NE,9574.0
03/21/21,NH,5445.0
03/21/21,NJ,35164.0
03/21/21,NM,4547.0
03/21/21,NV,4990.0
03/21/21,NY,88026.0
03/21/21,OH,59624.0
03/21/21,OK,14879.0
03/21/21,OR,6410.0
03/21/21,PA,61417.0
03/21/21,PR,96.0
03/21/21,RI,6078.0
03/21/21,SC,14780.0
03/21/21,SD,4723.0
03/21/21,TN,22810.0
03/21/21,TX,74803.0
03/21/21,UT,4922.0
03/21/21,VA,23772.0
03/21/21,VT,2179.0
03/21/21,WA,12461.0
03/21/21,WI,18216.0
03/21/21,WV,8377.0
03/21/21,WY,1967.0
03/28/21,AK,687.0
03/28/21,AL,18769.0
03/28/21,AR,14170.0
03/28/21,AZ,10087.0
03/28/21,CA,84954.0
03/28/21,CO,13541.0
03/28/21,CT,17735.0
03/28/21,DC,1969.0
03/28/21,DE,3445.0
03/28/21,FL,63976.0
03/28/21,GA,27064.0
03/28/21,GU,10.0
03/28/21,HI,3349.0
03/28/21,IA,19541.0
03/28/21,ID,3251.0
03/28/21,IL,56721.0
03/28/21,IN,32313.0
03/28/21,KS,14320.0
03/28/21,KY,19915.0
03/28/21,LA,21915.0
03/28/21,MA,30494.0
03/28/21,MD,20151.0
03/28/21,ME,5553.0
03/28/21,MI,30401.0
03/28/21,MN,20084.0
03/28/21,MO,32356.0
03/28/21,MS,13353.0
03/28/21,MT,3054.0
03/28/21,NC,31239.0
03/28/21,ND,4504.0
03/28/21,NE,9508.0
03/28/21,NH,5819.0
03/28/21,NJ,35147.0
03/28/21,NM,4581.0
03/28/21,NV,4998.0
03/28/21,NY,87906.0
03/28/21,OH,59793.0
03/28/21,OK,14922.0
03/28/21,OR,6424.0
03/28/21,PA,61644.0
03/28/21,PR,107.0
03/28/21,RI,6118.0
03/28/21,SC,14820.0
03/28/21,SD,4686.0
03/28/21,TN,22759.0
03/28/21,TX,74532.0
03/28/21,UT,4957.0
03/28/21,VA,23956.0
03/28/21,VT,2201.0
03/28/21,WA,12559.0
03/28/21,WI,18232.0
03/28/21,WV,8374.0
03/28/21,WY,1983.0
04/04/21,AK,691.0
04/04/21,AL,18771.0
04/04/21,AR,14135.0
04/04/21,AZ,10127.0
04/04/21,CA,85289.0
04/04/21,CO,13545.0
04/04/21,CT,17802.0
04/04/21,DC,1962.0
04/04/21,DE,3455.0
04/04/21,FL,64022.0
04/04/21,GA,27238.0
04/04/21,GU,10.0
04/04/21,HI,3341.0
04/04/21,IA,19660.0
04/04/21,ID,3272.0
04/04/21,IL,55800.0
04/04/21,IN,32288.0
04/04/21,KS,14487.0
04/04/21,KY,20737.0
04/04/21,LA,21865.0
04/04/21,MA,30822.0
04/04/21,MD,20179.0
04/04/21,ME,5137.0
04/04/21,MI,30568.0
04/04/21,MN,20129.0
04/04/21,MO,32454.0
04/04/21,MS,13392.0
04/04/21,MT,3109.0
04/04/21,NC,30843.0
04/04/21,ND,4512.0
04/04/21,NE,9556.0
04/04/21,NH,5430.0
04/04/21,NJ,35070.0
04/04/21,NM,4590.0
04/04/21,NV,4931.0
04/04/21,NY,87780.0
04/04/21,OH,60012.0
04/04/21,OK,14918.0
04/04/21,OR,6422.0
04/04/21,PA,61960.0
04/04/21,PR,103.0
04/04/21,RI,6123.0
04/04/21,SC,14892.0
04/04/21,SD,4750.0
04/04/21,TN,22819.0
04/04/21,TX,74804.0
04/04/21,UT,5002.0
04/04/21,VA,23981.0
04/04/21,VT,2230.0
04/04/21,WA,12648.0
04/04/21,WI,18214.0
04/04/21,WV,8605.0
04/04/21,WY,1985.0
04/11/21,AK,698.0
04/11/21,AL,18912.0
04/11/21,AR,14192.0
04/11/21,AZ,10134.0
04/11/21,CA,85497.0
04/11/21,CO,13566.0
04/11/21,CT,17805.0
04/11/21,DC,1934.0
04/11/21,DE,3476.0
04/11/21,FL,64233.0
04/11/21,GA,27205.0
04/11/21,GU,10.0
04/11/21,HI,3328.0
04/11/21,IA,19710.0
04/11/21,ID,3237.0
04/11/21,IL,56091.0
04/11/21,IN,32378.0
04/11/21,KS,14506.0
04/11/21,KY,19978.0
04/11/21,LA,22758.0
04/11/21,MA,31793.0
04/11/21,MD,21612.0
04/11/21,ME,5132.0
04/11/21,MI,30260.0
04/11/21,MN,21011.0
04/11/21,MO,32613.0
04/11/21,MS,13339.0
04/11/21,MT,3093.0
04/11/21,NC,30721.0
04/11/21,ND,4517.0
04/11/21,NE,9556.0
04/11/21,NH,5492.0
04/11/21,NJ,35070.0
04/11/21,NM,4501.0
04/11/21,NV,5000.0
04/11/21,NY,88356.0
04/11/21,OH,59930.0
04/11/21,OK,15005.0
04/11/21,OR,6394.0
04/11/21,PA,61847.0
04/11/21,PR,79.0
04/11/21,RI,6164.0
04/11/21,SC,14918.0
04/11/21,SD,4766.0
04/11/21,TN,22944.0
04/11/21,TX,75665.0
04/11/21,UT,5313.0
04/11/21,VA,24160.0
04/11/21,VT,2211.0
04/11/21,WA,12683.0
04/11/21,WI,18242.0
04/11/21,WV,8468.0
04/11/21,WY,1995.0
04/18/21,AK,697.0
04/18/21,AL,18947.0
04/18/21,AR,14202.0
04/18/21,AZ,10177.0
04/18/21,CA,85825.0
04/18/21,CO,13647.0
04/18/21,CT,17963.0
04/18/21,DC,1938.0
04/18/21,DE,3463.0
04/18/21,FL,64431.0
04/18/21,GA,27132.0
04/18/21,GU,10.0
04/18/21,HI,3332.0
04/18/21,IA,19643.0
04/18/21,ID,3280.0
04/18/21,IL,56054.0
04/18/21,IN,32490.0
04/18/21,KS,15293.0
04/18/21,KY,20079.0
04/18/21,LA,22022.0
04/18/21,MA,32152.0
04/18/21,MD,20176.0
04/18/21,ME,5166.0
04/18/21,MI,30143.0
04/18/21,MN,20230.0
04/18/21,MO,32754.0
04/18/21,MS,13464.0
04/18/21,MT,3134.0
04/18/21,NC,30835.0
04/18/21,ND,4509.0
04/18/21,NE,9585.0
04/18/21,NH,5541.0
04/18/21,NJ,35078.0
04/18/21,NM,4530.0
04/18/21,NV,5034.0
04/18/21,NY,88630.0
04/18/21,OH,60124.0
04/18/21,OK,15072.0
04/18/21,OR,6434.0
04/18/21,PA,61857.0
04/18/21,PR,95.0
04/18/21,RI,6184.0
04/18/21,SC,15054.0
04/18/21,SD,4767.0
04/18/21,TN,23142.0
04/18/21,TX,75321.0
04/18/21,UT,5020.0
04/18/21,VA,24351.0
04/18/21,VT,2221.0
04/18/21,WA,12778.0
04/18/21,WI,18301.0
04/18/21,WV,8480.0
04/18/21,WY,1993.0
04/25/21,AK,703.0
04/25/21,AL,18897.0
04/25/21,AR,14275.0
04/25/21,AZ,10141.0
04/25/21,CA,86177.0
04/25/21,CO,13718.0
04/25/21,CT,17981.0
04/25/21,DC,1928.0
04/25/21,DE,3439.0
04/25/21,FL,64479.0
04/25/21,GA,27347.0
04/25/21,GU,10.0
04/25/21,HI,3335.0
04/25/21,IA,19816.0
04/25/21,ID,3211.0
04/25/21,IL,56268.0
04/25/21,IN,32818.0
04/25/21,KS,14597.0
04/25/21,KY,20182.0
04/25/21,LA,21961.0
04/25/21,MA,31035.0
04/25/21,MD,20252.0
04/25/21,ME,5229.0
04/25/21,MI,30222.0
04/25/21,MN,20127.0
04/25/21,MO,32993.0
04/25/21,MS,13520.0
04/25/21,MT,3141.0
04/25/21,NC,31130.0
04/25/21,ND,4519.0
04/25/21,NE,9623.0
04/25/21,NH,5576.0
04/25/21,NJ,35241.0
04/25/21,NM,4587.0
04/25/21,NV,5020.0
04/25/21,NY,88790.0
04/25/21,OH,60350.0
04/25/21,OK,15123.0
04/25/21,OR,6310.0
04/25/21,PA,62231.0
04/25/21,PR,104.0
04/25/21,RI,6054.0
04/25/21,SC,14944.0
04/25/21,SD,4765.0
04/25/21,TN,23230.0
04/25/21,TX,75019.0
04/25/21,UT,5124.0
04/25/21,VA,24453.0
04/25/21,VT,2229.0
04/25/21,WA,12848.0
04/25/21,WI,18253.0
04/25/21,WV,8510.0
04/25/21,WY,1990.0
05/02/21,AK,693.0
05/02/21,AL,19047.0
05/02/21,AR,14408.0
05/02/21,AZ,10226.0
05/02/21,CA,86514.0
05/02/21,CO,13709.0
05/02/21,CT,18045.0
05/02/21,DC,1943.0
05/02/21,DE,3482.0
05/02/21,FL,64863.0
05/02/21,GA,27301.0
05/02/21,GU,11.0
05/02/21,HI,3319.0
05/02/21,IA,19837.0
05/02/21,ID,3223.0
05/02/21,IL,56149.0
05/02/21,IN,32914.0
05/02/21,KS,14607.0
05/02/21,KY,20228.0
05/02/21,LA,22000.0
05/02/21,MA,31067.0
05/02/21,MD,20343.0
05/02/21,ME,5221.0
05/02/21,MI,30398.0
05/02/21,MN,20194.0
05/02/21,MO,32789.0
05/02/21,MS,13523.0
05/02/21,MT,3146.0
05/02/21,NC,31091.0
05/02/21,ND,4534.0
05/02/21,NE,9633.0
05/02/21,NH,5596.0
05/02/21,NJ,35444.0
05/02/21,NM,4636.0
05/02/21,NV,4965.0
05/02/21,NY,88661.0
05/02/21,OH,60753.0
05/02/21,OK,15057.0
05/02/21,OR,6293.0
05/02/21,PA,62118.0
05/02/21,PR,111.0
05/02/21,RI,6188.0
05/02/21,SC,15019.0
05/02/21,SD,4736.0
05/02/21,TN,23298.0
05/02/21,TX,75351.0
05/02/21,UT,5090.0
05/02/21,VA,24612.0
05/02/21,VT,2229.0
05/02/21,WA,12894.0
05/02/21,WI,18347.0
05/02/21,WV,8538.0
05/02/21,WY,2000.0
05/09/21,AK,699.0
05/09/21,AL,19074.0
05/09/21,AR,14376.0
05/09/21,AZ,10168.0
05/09/21,CA,86583.0
05/09/21,CO,13829.0
05/09/21,CT,18181.0
05/09/21,DC,1982.0
05/09/21,DE,3480.0
05/09/21,FL,64552.0
05/09/21,GA,27311.0
05/09/21,GU,13.0
05/09/21,HI,3331.0
05/09/21,IA,19867.0
05/09/21,ID,3252.0
05/09/21,IL,56251.0
05/09/21,IN,33026.0
05/09/21,KS,14531.0
05/09/21,KY,20016.0
05/09/21,LA,22113.0
05/09/21,MA,31211.0
05/09/21,MD,20280.0
05/09/21,ME,5235.0
05/09/21,MI,30198.0
05/09/21,MN,20211.0
05/09/21,MO,33041.0
05/09/21,MS,13466.0
05/09/21,MT,3173.0
05/09/21,NC,31124.0
05/09/21,ND,4548.0
05/09/21,NE,9645.0
05/09/21,NH,5584.0
05/09/21,NJ,35638.0
05/09/21,NM,4640.0
05/09/21,NV,4984.0
05/09/21,NY,89038.0
05/09/21,OH,60745.0
05/09/21,OK,15099.0
05/09/21,OR,6261.0
05/09/21,PA,63689.0
05/09/21,PR,109.0
05/09/21,RI,6199.0
05/09/21,SC,14952.0
05/09/21,SD,4788.0
05/09/21,TN,23271.0
05/09/21,TX,75477.0
05/09/21,UT,4991.0
05/09/21,VA,24670.0
05/09/21,VT,2223.0
05/09/21,WA,12864.0
05/09/21,WI,18317.0
05/09/21,WV,8595.0
05/09/21,WY,2015.0
05/16/21,AK,677.0
05/16/21,AL,19103.0
05/16/21,AR,14476.0
05/16/21,AZ,10178.0
05/16/21,CA,87016.0
05/16/21,CO,13881.0
05/16/21,CT,18133.0
05/16/21,DC,1961.0
05/16/21,DE,3508.0
05/16/21,FL,64509.0
05/16/21,GA,27431.0
05/16/21,GU,13.0
05/16/21,HI,3322.0
05/16/21,IA,19843.0
05/16/21,ID,3501.0
05/16/21,IL,56100.0
05/16/21,IN,33397.0
05/16/21,KS,14634.0
05/16/21,KY,20174.0
05/16/21,LA,22373.0
05/16/21,MA,31248.0
05/16/21,MD,20322.0
05/16/21,ME,5222.0
05/16/21,MI,30661.0
05/16/21,MN,20235.0
05/16/21,MO,33242.0
05/16/21,MS,13452.0
05/16/21,MT,3183.0
05/16/21,NC,31382.0
05/16/21,ND,4538.0
05/16/21,NE,9700.0
05/16/21,NH,5588.0
05/16/21,NJ,35957.0
05/16/21,NM,4623.0
05/16/21,NV,5033.0
05/16/21,NY,89212.0
05/16/21,OH,60795.0
05/16/21,OK,15222.0
05/16/21,OR,6226.0
05/16/21,PA,62660.0
05/16/21,PR,102.0
05/16/21,RI,6214.0
05/16/21,SC,15030.0
05/16/21,SD,4802.0
05/16/21,TN,23350.0
05/16/21,TX,76577.0
05/16/21,UT,5082.0
05/16/21,VA,24692.0
05/16/21,VT,2223.0
05/16/21,WA,12873.0
05/16/21,WI,18350.0
05/16/21,WV,8585.0
05/16/21,WY,2000.0
05/23/21,AK,701.0
05/23/21,AL,19129.0
05/23/21,AR,14490.0
05/23/21,AZ,10126.0
05/23/21,CA,87279.0
05/23/21,CO,13848.0
05/23/21,CT,18169.0
05/23/21,DC,1958.0
05/23/21,DE,3520.0
05/23/21,FL,64829.0
05/23/21,GA,27311.0
05/23/21,GU,14.0
05/23/21,HI,3337.0
05/23/21,IA,19820.0
05/23/21,ID,3614.0
05/23/21,IL,56283.0
05/23/21,IN,34047.0
05/23/21,KS,14676.0
05/23/21,KY,20317.0
05/23/21,LA,22306.0
05/23/21,MA,32114.0
05/23/21,MD,20378.0
05/23/21,ME,5206.0
05/23/21,MI,30765.0
05/23/21,MN,20324.0
05/23/21,MO,33278.0
05/23/21,MS,13469.0
05/23/21,MT,3172.0
05/23/21,NC,31200.0
05/23/21,ND,4547.0
05/23/21,NE,9664.0
05/23/21,NH,5603.0
05/23/21,NJ,35712.0
05/23/21,NM,4859.0
05/23/21,NV,4851.0
05/23/21,NY,89248.0
05/23/21,OH,61027.0
05/23/21,OK,15246.0
05/23/21,OR,6233.0
05/23/21,PA,62704.0
05/23/21,PR,104.0
05/23/21,RI,6217.0
05/23/21,SC,15056.0
05/23/21,SD,4777.0
05/23/21,TN,23520.0
05/23/21,TX,75506.0
05/23/21,UT,5129.0
05/23/21,VA,24756.0
05/23/21,VT,2245.0
05/23/21,WA,12924.0
05/23/21,WI,18384.0
05/23/21,WV,8637.0
05/23/21,WY,2004.0
05/30/21,AK,705.0
05/30/21,AL,19171.0
05/30/21,AR,14559.0
05/30/21,AZ,10143.0
05/30/21,CA,87585.0
05/30/21,CO,13956.0
05/30/21,CT,18280.0
05/30/21,DC,1966.0
05/30/21,DE,3523.0
05/30/21,FL,65081.0
05/30/21,GA,28706.0
05/30/21,GU,12.0
05/30/21,HI,3326.0
05/30/21,IA,20011.0
05/30/21,ID,3531.0
05/30/21,IL,56441.0
05/30/21,IN,34192.0
05/30/21,KS,14678.0
05/30/21,KY,20409.0
05/30/21,LA,22282.0
05/30/21,MA,31440.0
05/30/21,MD,20415.0
05/30/21,ME,5208.0
05/30/21,MI,30872.0
05/30/21,MN,20415.0
05/30/21,MO,33208.0
05/30/21,MS,13508.0
05/30/21,MT,3159.0
05/30/21,NC,31298.0
05/30/21,ND,4546.0
05/30/21,NE,9695.0
05/30/21,NH,5631.0
05/30/21,NJ,35588.0
05/30/21,NM,4625.0
05/30/21,NV,5033.0
05/30/21,NY,91324.0
05/30/21,OH,61145.0
05/30/21,OK,15136.0
05/30/21,OR,6279.0
05/30/21,PA,63049.0
05/30/21,PR,105.0
05/30/21,RI,6291.0
05/30/21,SC,15121.0
05/30/21,SD,4773.0
05/30/21,TN,23570.0
05/30/21,TX,75919.0
05/30/21,UT,5151.0
05/30/21,VA,24838.0
05/30/21,VT,2256.0
05/30/21,WA,12934.0
05/30/21,WI,18356.0
05/30/21,WV,8596.0
05/30/21,WY,2009.0
06/06/21,AK,697.0
06/06/21,AL,19199.0
06/06/21,AR,14582.0
06/06/21,AZ,10165.0
06/06/21,CA,87560.0
06/06/21,CO,13941.0
06/06/21,CT,18283.0
06/06/21,DC,1968.0
06/06/21,DE,3502.0
06/06/21,FL,65003.0
06/06/21,GA,27452.0
06/06/21,GU,13.0
06/06/21,HI,3334.0
06/06/21,IA,19961.0
06/06/21,ID,3552.0
06/06/21,IL,56473.0
06/06/21,IN,33156.0
06/06/21,KS,14674.0
06/06/21,KY,20394.0
06/06/21,LA,22366.0
06/06/21,MA,31274.0
06/06/21,MD,20233.0
06/06/21,ME,5182.0
06/06/21,MI,30799.0
06/06/21,MN,20395.0
06/06/21,MO,32989.0
06/06/21,MS,13450.0
06/06/21,MT,3162.0
06/06/21,NC,31326.0
06/06/21,ND,4528.0
06/06/21,NE,9742.0
06/06/21,NH,5528.0
06/06/21,NJ,35655.0
06/06/21,NM,4684.0
06/06/21,NV,5045.0
06/06/21,NY,89662.0
06/06/21,OH,60971.0
06/06/21,OK,15107.0
06/06/21,OR,6227.0
06/06/21,PA,63012.0
06/06/21,PR,102.0
06/06/21,RI,6341.0
06/06/21,SC,15947.0
06/06/21,SD,4871.0
06/06/21,TN,23535.0
06/06/21,TX,76137.0
06/06/21,UT,5135.0
06/06/21,VA,25991.0
06/06/21,VT,2266.0
06/06/21,WA,12936.0
06/06/21,WI,18360.0
06/06/21,WV,8641.0
06/06/21,WY,2008.0
06/13/21,AK,699.0
06/13/21,AL,19141.0
06/13/21,AR,14612.0
06/13/21,AZ,10252.0
06/13/21,CA,88202.0
06/13/21,CO,13988.0
06/13/21,CT,18416.0
06/13/21,DC,1952.0
06/13/21,DE,3487.0
06/13/21,FL,65029.0
06/13/21,GA,27508.0
06/13/21,GU,13.0
06/13/21,HI,3323.0
06/13/21,IA,20644.0
06/13/21,ID,3564.0
06/13/21,IL,57429.0
06/13/21,IN,33323.0
06/13/21,KS,14801.0
06/13/21,KY,20461.0
06/13/21,LA,22467.0
06/13/21,MA,31273.0
06/13/21,MD,20128.0
06/13/21,ME,5177.0
06/13/21,MI,30690.0
06/13/21,MN,20565.0
06/13/21,MO,33730.0
06/13/21,MS,13655.0
06/13/21,MT,3150.0
06/13/21,NC,31499.0
06/13/21,ND,4540.0
06/13/21,NE,9762.0
06/13/21,NH,5538.0
06/13/21,NJ,36283.0
06/13/21,NM,4687.0
06/13/21,NV,5077.0
06/13/21,NY,90135.0
06/13/21,OH,61176.0
06/13/21,OK,15281.0
06/13/21,OR,6242.0
06/13/21,PA,63427.0
06/13/21,PR,107.0
06/13/21,RI,6377.0
06/13/21,SC,15130.0
06/13/21,SD,4909.0
06/13/21,TN,23622.0
06/13/21,TX,76464.0
06/13/21,UT,5231.0
06/13/21,VA,24854.0
06/13/21,VT,2286.0
06/13/21,WA,12934.0
06/13/21,WI,18407.0
06/13/21,WV,8703.0
06/13/21,WY,2017.0
06/20/21,AK,700.0
06/20/21,AL,19228.0
06/20/21,AR,14723.0
06/20/21,AZ,10219.0
06/20/21,CA,88603.0
06/20/21,CO,14110.0
06/20/21,CT,18423.0
06/20/21,DC,1961.0
06/20/21,DE,3513.0
06/20/21,FL,65290.0
06/20/21,GA,27496.0
06/20/21,GU,16.0
06/20/21,HI,3306.0
06/20/21,IA,20229.0
06/20/21,ID,3609.0
06/20/21,IL,57128.0
06/20/21,IN,33783.0
06/20/21,KS,14884.0
06/20/21,KY,20534.0
06/20/21,LA,22507.0
06/20/21,MA,31747.0
06/20/21,MD,20269.0
06/20/21,ME,5221.0
06/20/21,MI,31009.0
06/20/21,MN,20691.0
06/20/21,MO,33270.0
06/20/21,MS,13635.0
06/20/21,MT,3136.0
06/20/21,NC,31744.0
06/20/21,ND,4559.0
06/20/21,NE,9811.0
06/20/21,NH,5576.0
06/20/21,NJ,36864.0
06/20/21,NM,4689.0
06/20/21,NV,5150.0
06/20/21,NY,90419.0
06/20/21,OH,61432.0
06/20/21,OK,15333.0
06/20/21,OR,6284.0
06/20/21,PA,63659.0
06/20/21,PR,104.0
06/20/21,RI,6388.0
06/20/21,SC,15099.0
06/20/21,SD,4815.0
06/20/21,TN,23735.0
06/20/21,TX,76608.0
06/20/21,UT,5162.0
06/20/21,VA,25114.0
06/20/21,VT,2287.0
06/20/21,WA,13025.0
06/20/21,WI,18595.0
06/20/21,WV,8722.0
06/20/21,WY,2013.0
06/27/21,AK,711.0
06/27/21,AL,19326.0
06/27/21,AR,14823.0
06/27/21,AZ,10251.0
06/27/21,CA,88996.0
06/27/21,CO,14105.0
06/27/21,CT,18589.0
06/27/21,DC,1973.0
06/27/21,DE,3545.0
06/27/21,FL,65639.0
06/27/21,GA,27720.0
06/27/21,GU,16.0
06/27/21,HI,3318.0
06/27/21,IA,20285.0
06/27/21,ID,3607.0
06/27/21,IL,57366.0
06/27/21,IN,33736.0
06/27/21,KS,14830.0
06/27/21,KY,20409.0
06/27/21,LA,23116.0
06/27/21,MA,31840.0
06/27/21,MD,20327.0
06/27/21,ME,5283.0
06/27/21,MI,31201.0
06/27/21,MN,21656.0
06/27/21,MO,33596.0
06/27/21,MS,13748.0
06/27/21,MT,3139.0
06/27/21,NC,31783.0
06/27/21,ND,4570.0
06/27/21,NE,9857.0
06/27/21,NH,5693.0
06/27/21,NJ,37069.0
06/27/21,NM,4746.0
06/27/21,NV,5217.0
06/27/21,NY,92163.0
06/27/21,OH,61653.0
06/27/21,OK,15480.0
06/27/21,OR,6279.0
06/27/21,PA,63792.0
06/27/21,PR,116.0
06/27/21,RI,6438.0
06/27/21,SC,15312.0
06/27/21,SD,4914.0
06/27/21,TN,23741.0
06/27/21,TX,77265.0
06/27/21,UT,5233.0
06/27/21,VA,25155.0
06/27/21,VT,2299.0
06/27/21,WA,13036.0
06/27/21,WI,18653.0
06/27/21,WV,8733.0
06/27/21,WY,2007.0
07/04/21,AK,705.0
07/04/21,AL,19783.0
07/04/21,AR,14858.0
07/04/21,AZ,10282.0
07/04/21,CA,89037.0
07/04/21,CO,14115.0
07/04/21,CT,18936.0
07/04/21,DC,1987.0
07/04/21,DE,3546.0
07/04/21,FL,65555.0
07/04/21,GA,27817.0
07/04/21,GU,18.0
07/04/21,HI,3341.0
07/04/21,IA,20292.0
07/04/21,ID,3594.0
07/04/21,IL,57499.0
07/04/21,IN,34739.0
07/04/21,KS,14957.0
07/04/21,KY,20502.0
07/04/21,LA,22693.0
07/04/21,MA,31796.0
07/04/21,MD,20475.0
07/04/21,ME,5292.0
07/04/21,MI,31389.0
07/04/21,MN,20731.0
07/04/21,MO,33522.0
07/04/21,MS,13734.0
07/04/21,MT,3158.0
07/04/21,NC,32011.0
07/04/21,ND,4566.0
07/04/21,NE,9906.0
07/04/21,NH,5698.0
07/04/21,NJ,36318.0
07/04/21,NM,4740.0
07/04/21,NV,5248.0
07/04/21,NY,90765.0
07/04/21,OH,61765.0
07/04/21,OK,16005.0
07/04/21,OR,6264.0
07/04/21,PA,63679.0
07/04/21,PR,95.0
07/04/21,RI,6476.0
07/04/21,SC,15331.0
07/04/21,SD,4937.0
07/04/21,TN,23807.0
07/04/21,TX,77298.0
07/04/21,UT,5251.0
07/04/21,VA,25028.0
07/04/21,VT,2315.0
07/04/21,WA,13054.0
07/04/21,WI,18529.0
07/04/21,WV,8745.0
07/04/21,WY,2022.0
07/11/21,AK,716.0
07/11/21,AL,19259.0
07/11/21,AR,14898.0
07/11/21,AZ,10242.0
07/11/21,CA,89033.0
07/11/21,CO,14145.0
07/11/21,CT,18614.0
07/11/21,DC,1978.0
07/11/21,DE,3567.0
07/11/21,FL,65919.0
07/11/21,GA,27644.0
07/11/21,GU,17.0
07/11/21,HI,3350.0
07/11/21,IA,20224.0
07/11/21,ID,3560.0
07/11/21,IL,57227.0
07/11/21,IN,33804.0
07/11/21,KS,14973.0
07/11/21,KY,20507.0
07/11/21,LA,22689.0
07/11/21,MA,31940.0
07/11/21,MD,20454.0
07/11/21,ME,5244.0
07/11/21,MI,31310.0
07/11/21,MN,20734.0
07/11/21,MO,33498.0
07/11/21,MS,13678.0
07/11/21,MT,3115.0
07/11/21,NC,31960.0
07/11/21,ND,4585.0
07/11/21,NE,9850.0
07/11/21,NH,5683.0
07/11/21,NJ,36396.0
07/11/21,NM,4755.0
07/11/21,NV,5208.0
07/11/21,NY,90813.0
07/11/21,OH,61843.0
07/11/21,OK,15470.0
07/11/21,OR,6257.0
07/11/21,PA,63689.0
07/11/21,PR,90.0
07/11/21,RI,6485.0
07/11/21,SC,15264.0
07/11/21,SD,4928.0
07/11/21,TN,23740.0
07/11/21,TX,77194.0
07/11/21,UT,5240.0
07/11/21,VA,25037.0
07/11/21,VT,2317.0
07/11/21,WA,13031.0
07/11/21,WI,18577.0
07/11/21,WV,8767.0
07/11/21,WY,2006.0
07/18/21,AK,700.0
07/18/21,AL,19327.0
07/18/21,AR,14901.0
07/18/21,AZ,10338.0
07/18/21,CA,89477.0
07/18/21,CO,14219.0
07/18/21,CT,18803.0
07/18/21,DC,1984.0
07/18/21,DE,3570.0
07/18/21,FL,65832.0
07/18/21,GA,28646.0
07/18/21,GU,18.0
07/18/21,HI,3369.0
07/18/21,IA,20194.0
07/18/21,ID,3603.0
07/18/21,IL,57995.0
07/18/21,IN,33970.0
07/18/21,KS,15032.0
07/18/21,KY,20722.0
07/18/21,LA,22737.0
07/18/21,MA,32201.0
07/18/21,MD,20693.0
07/18/21,ME,5265.0
07/18/21,MI,31488.0
07/18/21,MN,20616.0
07/18/21,MO,33526.0
07/18/21,MS,13737.0
07/18/21,MT,3180.0
07/18/21,NC,32188.0
07/18/21,ND,4466.0
07/18/21,NE,9918.0
07/18/21,NH,5698.0
07/18/21,NJ,36610.0
07/18/21,NM,4771.0
07/18/21,NV,5201.0
07/18/21,NY,91215.0
07/18/21,OH,62029.0
07/18/21,OK,15482.0
07/18/21,OR,6283.0
07/18/21,PA,64102.0
07/18/21,PR,86.0
07/18/21,RI,6512.0
07/18/21,SC,15293.0
07/18/21,SD,4930.0
07/18/21,TN,23822.0
07/18/21,TX,77604.0
07/18/21,UT,5264.0
07/18/21,VA,25304.0
07/18/21,VT,2333.0
07/18/21,WA,13043.0
07/18/21,WI,18676.0
07/18/21,WV,8804.0
07/18/21,WY,2000.0
07/25/21,AK,699.0
07/25/21,AL,19210.0
07/25/21,AR,14997.0
07/25/21,AZ,10357.0
07/25/21,CA,89803.0
07/25/21,CO,14211.0
07/25/21,CT,18751.0
07/25/21,DC,1996.0
07/25/21,DE,3589.0
07/25/21,FL,66297.0
07/25/21,GA,27824.0
07/25/21,GU,17.0
07/25/21,HI,3382.0
07/25/21,IA,20836.0
07/25/21,ID,3595.0
07/25/21,IL,57674.0
07/25/21,IN,33735.0
07/25/21,KS,15576.0
07/25/21,KY,20573.0
07/25/21,LA,22714.0
07/25/21,MA,32067.0
07/25/21,MD,20831.0
07/25/21,ME,5270.0
07/25/21,MI,31619.0
07/25/21,MN,20820.0
07/25/21,MO,33693.0
07/25/21,MS,13780.0
07/25/21,MT,3186.0
07/25/21,NC,32219.0
07/25/21,ND,4606.0
07/25/21,NE,9974.0
07/25/21,NH,5734.0
07/25/21,NJ,36643.0
07/25/21,NM,4795.0
07/25/21,NV,5177.0
07/25/21,NY,91566.0
07/25/21,OH,62402.0
07/25/21,OK,15531.0
07/25/21,OR,6223.0
07/25/21,PA,64109.0
07/25/21,PR,107.0
07/25/21,RI,6494.0
07/25/21,SC,15369.0
07/25/21,SD,4940.0
07/25/21,TN,23746.0
07/25/21,TX,77900.0
07/25/21,UT,5283.0
07/25/21,VA,25478.0
07/25/21,VT,2330.0
07/25/21,WA,13010.0
07/25/21,WI,18667.0
07/25/21,WV,8848.0
07/25/21,WY,2014.0
08/01/21,AK,693.0
08/01/21,AL,19309.0
08/01/21,AR,15020.0
08/01/21,AZ,10302.0
08/01/21,CA,90007.0
08/01/21,CO,14165.0
08/01/21,CT,18742.0
08/01/21,DC,1987.0
08/01/21,DE,3608.0
08/01/21,FL,66094.0
08/01/21,GA,27950.0
08/01/21,GU,18.0
08/01/21,HI,3396.0
08/01/21,IA,20318.0
08/01/21,ID,3617.0
08/01/21,IL,58058.0
08/01/21,IN,34061.0
08/01/21,KS,15120.0
08/01/21,KY,20599.0
08/01/21,LA,22727.0
08/01/21,MA,32417.0
08/01/21,MD,20884.0
08/01/21,ME,5254.0
08/01/21,MI,31607.0
08/01/21,MN,21855.0
08/01/21,MO,33748.0
08/01/21,MS,14700.0
08/01/21,MT,3186.0
08/01/21,NC,32674.0
08/01/21,ND,4792.0
08/01/21,NE,9945.0
08/01/21,NH,5762.0
08/01/21,NJ,36559.0
08/01/21,NM,4798.0
08/01/21,NV,5151.0
08/01/21,NY,91542.0
08/01/21,OH,62214.0
08/01/21,OK,15563.0
08/01/21,OR,6223.0
08/01/21,PA,64311.0
08/01/21,PR,93.0
08/01/21,RI,6424.0
08/01/21,SC,15239.0
08/01/21,SD,4916.0
08/01/21,TN,23832.0
08/01/21,TX,77830.0
08/01/21,UT,5304.0
08/01/21,VA,25404.0
08/01/21,VT,2319.0
08/01/21,WA,12925.0
08/01/21,WI,18746.0
08/01/21,WV,8893.0
08/01/21,WY,2028.0
08/08/21,AK,692.0
08/08/21,AL,19253.0
08/08/21,AR,15058.0
08/08/21,AZ,10205.0
08/08/21,CA,89798.0
08/08/21,CO,14054.0
08/08/21,CT,18734.0
08/08/21,DC,2005.0
08/08/21,DE,3604.0
08/08/21,FL,66173.0
08/08/21,GA,27813.0
08/08/21,GU,16.0
08/08/21,HI,3368.0
08/08/21,IA,20277.0
08/08/21,ID,3606.0
08/08/21,IL,57745.0
08/08/21,IN,34023.0
08/08/21,KS,14999.0
08/08/21,KY,20554.0
08/08/21,LA,22575.0
08/08/21,MA,32332.0
08/08/21,MD,20951.0
08/08/21,ME,5255.0
08/08/21,MI,31219.0
08/08/21,MN,20767.0
08/08/21,MO,33765.0
08/08/21,MS,13644.0
08/08/21,MT,3181.0
08/08/21,NC,32478.0
08/08/21,ND,4626.0
08/08/21,NE,11006.0
08/08/21,NH,5740.0
08/08/21,NJ,36597.0
08/08/21,NM,4784.0
08/08/21,NV,5162.0
08/08/21,NY,91703.0
08/08/21,OH,62443.0
08/08/21,OK,15626.0
08/08/21,OR,6165.0
08/08/21,PA,64341.0
08/08/21,PR,73.0
08/08/21,RI,6398.0
08/08/21,SC,15428.0
08/08/21,SD,4883.0
08/08/21,TN,23775.0
08/08/21,TX,78253.0
08/08/21,UT,5247.0
08/08/21,VA,26311.0
08/08/21,VT,2318.0
08/08/21,WA,12892.0
08/08/21,WI,18782.0
08/08/21,WV,8830.0
08/08/21,WY,2033.0
08/15/21,AK,686.0
08/15/21,AL,19349.0
08/15/21,AR,15060.0
08/15/21,AZ,10257.0
08/15/21,CA,89754.0
08/15/21,CO,14191.0
08/15/21,CT,18739.0
08/15/21,DC,1768.0
08/15/21,DE,3611.0
08/15/21,FL,66743.0
08/15/21,GA,28470.0
08/15/21,GU,18.0
08/15/21,HI,3327.0
08/15/21,IA,20612.0
08/15/21,ID,3589.0
08/15/21,IL,57644.0
08/15/21,IN,33740.0
08/15/21,KS,14935.0
08/15/21,KY,20359.0
08/15/21,LA,22546.0
08/15/21,MA,32327.0
08/15/21,MD,20855.0
08/15/21,ME,5222.0
08/15/21,MI,31428.0
08/15/21,MN,20733.0
08/15/21,MO,33702.0
08/15/21,MS,13699.0
08/15/21,MT,3158.0
08/15/21,NC,32496.0
08/15/21,ND,4628.0
08/15/21,NE,9974.0
08/15/21,NH,5712.0
08/15/21,NJ,36761.0
08/15/21,NM,4788.0
08/15/21,NV,5139.0
08/15/21,NY,91424.0
08/15/21,OH,62727.0
08/15/21,OK,15625.0
08/15/21,OR,6169.0
08/15/21,PA,64509.0
08/15/21,PR,89.0
08/15/21,RI,6381.0
08/15/21,SC,15306.0
08/15/21,SD,4938.0
08/15/21,TN,23868.0
08/15/21,TX,78309.0
08/15/21,UT,5224.0
08/15/21,VA,25547.0
08/15/21,VT,2307.0
08/15/21,WA,12839.0
08/15/21,WI,18737.0
08/15/21,WV,8811.0
08/15/21,WY,2035.0
08/22/21,AK,682.0
08/22/21,AL,19336.0
08/22/21,AR,15075.0
08/22/21,AZ,10306.0
08/22/21,CA,89569.0
08/22/21,CO,14100.0
08/22/21,CT,18669.0
08/22/21,DC,1988.0
08/22/21,DE,3560.0
08/22/21,FL,65673.0
08/22/21,GA,27873.0
08/22/21,GU,17.0
08/22/21,HI,3298.0
08/22/21,IA,20393.0
08/22/21,ID,3518.0
08/22/21,IL,57452.0
08/22/21,IN,33953.0
08/22/21,KS,15017.0
08/22/21,KY,20427.0
08/22/21,LA,22640.0
08/22/21,MA,32206.0
08/22/21,MD,20865.0
08/22/21,ME,5245.0
08/22/21,MI,33052.0
08/22/21,MN,20690.0
08/22/21,MO,33646.0
08/22/21,MS,13631.0
08/22/21,MT,3176.0
08/22/21,NC,32339.0
08/22/21,ND,4678.0
08/22/21,NE,10046.0
08/22/21,NH,5678.0
08/22/21,NJ,36789.0
08/22/21,NM,4771.0
08/22/21,NV,5162.0
08/22/21,NY,91686.0
08/22/21,OH,62765.0
08/22/21,OK,15574.0
08/22/21,OR,6138.0
08/22/21,PA,64542.0
08/22/21,PR,100.0
08/22/21,RI,6330.0
08/22/21,SC,15245.0
08/22/21,SD,4915.0
08/22/21,TN,23798.0
08/22/21,TX,78608.0
08/22/21,UT,5272.0
08/22/21,VA,25485.0
08/22/21,VT,2288.0
08/22/21,WA,12816.0
08/22/21,WI,18753.0
08/22/21,WV,8825.0
08/22/21,WY,2029.0
08/29/21,AK,689.0
08/29/21,AL,19436.0
08/29/21,AR,15068.0
08/29/21,AZ,10363.0
08/29/21,CA,89629.0
08/29/21,CO,14137.0
08/29/21,CT,18638.0
08/29/21,DC,2016.0
08/29/21,DE,3568.0
08/29/21,FL,65443.0
08/29/21,GA,27886.0
08/29/21,GU,18.0
08/29/21,HI,3241.0
08/29/21,IA,20621.0
08/29/21,ID,3463.0
08/29/21,IL,57565.0
08/29/21,IN,34134.0
08/29/21,KS,15085.0
08/29/21,KY,20563.0
08/29/21,LA,22598.0
08/29/21,MA,32266.0
08/29/21,MD,21053.0
08/29/21,ME,5182.0
08/29/21,MI,31622.0
08/29/21,MN,20571.0
08/29/21,MO,33754.0
08/29/21,MS,13583.0
08/29/21,MT,3140.0
08/29/21,NC,32489.0
08/29/21,ND,4677.0
08/29/21,NE,10033.0
08/29/21,NH,5633.0
08/29/21,NJ,36767.0
08/29/21,NM,4724.0
08/29/21,NV,5166.0
08/29/21,NY,91896.0
08/29/21,OH,62697.0
08/29/21,OK,15545.0
08/29/21,OR,6088.0
08/29/21,PA,64076.0
08/29/21,PR,118.0
08/29/21,RI,6438.0
08/29/21,SC,15301.0
08/29/21,SD,4918.0
08/29/21,TN,23795.0
08/29/21,TX,78246.0
08/29/21,UT,5297.0
08/29/21,VA,25471.0
08/29/21,VT,2279.0
08/29/21,WA,12749.0
08/29/21,WI,18693.0
08/29/21,WV,8830.0
08/29/21,WY,2030.0
09/05/21,AK,692.0
09/05/21,AL,19524.0
09/05/21,AR,15042.0
09/05/21,AZ,10328.0
09/05/21,CA,89527.0
09/05/21,CO,14107.0
09/05/21,CT,18628.0
09/05/21,DC,2012.0
09/05/21,DE,3550.0
09/05/21,FL,65232.0
09/05/21,GA,27860.0
09/05/21,GU,22.0
09/05/21,HI,3232.0
09/05/21,IA,20386.0
09/05/21,ID,3411.0
09/05/21,IL,57466.0
09/05/21,IN,34106.0
09/05/21,KS,15138.0
09/05/21,KY,20445.0
09/05/21,LA,21948.0
09/05/21,MA,32230.0
09/05/21,MD,20776.0
09/05/21,ME,5140.0
09/05/21,MI,31678.0
09/05/21,MN,20746.0
09/05/21,MO,33448.0
09/05/21,MS,13687.0
09/05/21,MT,3138.0
09/05/21,NC,32973.0
09/05/21,ND,4633.0
09/05/21,NE,10033.0
09/05/21,NH,5629.0
09/05/21,NJ,36693.0
09/05/21,NM,4743.0
09/05/21,NV,5140.0
09/05/21,NY,91580.0
09/05/21,OH,62614.0
09/05/21,OK,15655.0
09/05/21,OR,6020.0
09/05/21,PA,63997.0
09/05/21,PR,107.0
09/05/21,RI,6466.0
09/05/21,SC,15337.0
09/05/21,SD,4934.0
09/05/21,TN,23683.0
09/05/21,TX,78291.0
09/05/21,UT,5287.0
09/05/21,VA,25459.0
09/05/21,VT,2269.0
09/05/21,WA,12709.0
09/05/21,WI,18638.0
09/05/21,WV,8808.0
09/05/21,WY,2011.0
09/12/21,AK,698.0
09/12/21,AL,19509.0
09/12/21,AR,15094.0
09/12/21,AZ,10270.0
09/12/21,CA,89604.0
09/12/21,CO,13737.0
09/12/21,CT,18634.0
09/12/21,DC,1987.0
09/12/21,DE,3555.0
09/12/21,FL,65085.0
09/12/21,GA,27692.0
09/12/21,GU,24.0
09/12/21,HI,3244.0
09/12/21,IA,20303.0
09/12/21,ID,3411.0
09/12/21,IL,56996.0
09/12/21,IN,34039.0
09/12/21,KS,15067.0
09/12/21,KY,20309.0
09/12/21,LA,22424.0
09/12/21,MA,32088.0
09/12/21,MD,20827.0
09/12/21,ME,5120.0
09/12/21,MI,31398.0
09/12/21,MN,20785.0
09/12/21,MO,33578.0
09/12/21,MS,13664.0
09/12/21,MT,3144.0
09/12/21,NC,32259.0
09/12/21,ND,4637.0
09/12/21,NE,9978.0
09/12/21,NH,5581.0
09/12/21,NJ,36674.0
09/12/21,NM,4773.0
09/12/21,NV,5178.0
09/12/21,NY,91432.0
09/12/21,OH,62650.0
09/12/21,OK,15499.0
09/12/21,OR,5978.0
09/12/21,PA,63699.0
09/12/21,PR,84.0
09/12/21,RI,7695.0
09/12/21,SC,15248.0
09/12/21,SD,4895.0
09/12/21,TN,23635.0
09/12/21,TX,78005.0
09/12/21,UT,5215.0
09/12/21,VA,25343.0
09/12/21,VT,2254.0
09/12/21,WA,12591.0
09/12/21,WI,18508.0
09/12/21,WV,8736.0
09/12/21,WY,2012.0
09/19/21,AK,692.0
09/19/21,AL,19482.0
09/19/21,AR,15522.0
09/19/21,AZ,10381.0
09/19/21,CA,89741.0
09/19/21,CO,13781.0
09/19/21,CT,19002.0
09/19/21,DC,1997.0
09/19/21,DE,3574.0
09/19/21,FL,65733.0
09/19/21,GA,27645.0
09/19/21,GU,24.0
09/19/21,HI,3254.0
09/19/21,IA,20228.0
09/19/21,ID,3502.0
09/19/21,IL,57225.0
09/19/21,IN,34290.0
09/19/21,KS,15077.0
09/19/21,KY,20277.0
09/19/21,LA,22559.0
09/19/21,MA,32250.0
09/19/21,MD,20749.0
09/19/21,ME,5086.0
09/19/21,MI,31592.0
09/19/21,MN,20710.0
09/19/21,MO,34282.0
09/19/21,MS,13676.0
09/19/21,MT,3085.0
09/19/21,NC,32192.0
09/19/21,ND,4630.0
09/19/21,NE,9980.0
09/19/21,NH,5578.0
09/19/21,NJ,37701.0
09/19/21,NM,4777.0
09/19/21,NV,5142.0
09/19/21,NY,91643.0
09/19/21,OH,63012.0
09/19/21,OK,15504.0
09/19/21,OR,5966.0
09/19/21,PA,63839.0
09/19/21,PR,84.0
09/19/21,RI,6516.0
09/19/21,SC,15291.0
09/19/21,SD,4888.0
09/19/21,TN,23658.0
09/19/21,TX,79090.0
09/19/21,UT,5275.0
09/19/21,VA,25407.0
09/19/21,VT,2262.0
09/19/21,WA,12470.0
09/19/21,WI,18606.0
09/19/21,WV,8767.0
09/19/21,WY,2023.0
09/26/21,AK,693.0
09/26/21,AL,19500.0
09/26/21,AR,15034.0
09/26/21,AZ,10468.0
09/26/21,CA,90094.0
09/26/21,CO,13796.0
09/26/21,CT,18717.0
09/26/21,DC,1998.0
09/26/21,DE,3608.0
09/26/21,FL,65361.0
09/26/21,GA,27757.0
09/26/21,GU,24.0
09/26/21,HI,3286.0
09/26/21,IA,20358.0
09/26/21,ID,3507.0
09/26/21,IL,57577.0
09/26/21,IN,34459.0
09/26/21,KS,15087.0
09/26/21,KY,20289.0
09/26/21,LA,22440.0
09/26/21,MA,32807.0
09/26/21,MD,20949.0
09/26/21,ME,5036.0
09/26/21,MI,31498.0
09/26/21,MN,20383.0
09/26/21,MO,34312.0
09/26/21,MS,13696.0
09/26/21,MT,3068.0
09/26/21,NC,32215.0
09/26/21,ND,4646.0
09/26/21,NE,9938.0
09/26/21,NH,5604.0
09/26/21,NJ,36911.0
09/26/21,NM,4802.0
09/26/21,NV,5154.0
09/26/21,NY,91866.0
09/26/21,OH,62796.0
09/26/21,OK,15517.0
09/26/21,OR,6011.0
09/26/21,PA,63769.0
09/26/21,PR,99.0
09/26/21,RI,6517.0
09/26/21,SC,15382.0
09/26/21,SD,4924.0
09/26/21,TN,23812.0
09/26/21,TX,78750.0
09/26/21,UT,5169.0
09/26/21,VA,25286.0
09/26/21,VT,2276.0
09/26/21,WA,12369.0
09/26/21,WI,18481.0
09/26/21,WV,8712.0
09/26/21,WY,2019.0
10/03/21,AK,699.0
10/03/21,AL,19585.0
10/03/21,AR,15069.0
10/03/21,AZ,10531.0
10/03/21,CA,90162.0
10/03/21,CO,13985.0
10/03/21,CT,18834.0
10/03/21,DC,2016.0
10/03/21,DE,3602.0
10/03/21,FL,65206.0
10/03/21,GA,27792.0
10/03/21,GU,24.0
10/03/21,HI,3276.0
10/03/21,IA,20397.0
10/03/21,ID,3401.0
10/03/21,IL,57789.0
10/03/21,IN,34380.0
10/03/21,KS,14995.0
10/03/21,KY,20283.0
10/03/21,LA,22416.0
10/03/21,MA,32331.0
10/03/21,MD,20972.0
10/03/21,ME,5051.0
10/03/21,MI,31302.0
10/03/21,MN,20940.0
10/03/21,MO,34408.0
10/03/21,MS,13676.0
10/03/21,MT,3047.0
10/03/21,NC,32241.0
10/03/21,ND,4648.0
10/03/21,NE,9889.0
10/03/21,NH,5587.0
10/03/21,NJ,36907.0
10/03/21,NM,4786.0
10/03/21,NV,5000.0
10/03/21,NY,91367.0
10/03/21,OH,62973.0
10/03/21,OK,15487.0
10/03/21,OR,6012.0
10/03/21,PA,63722.0
10/03/21,PR,112.0
10/03/21,RI,6523.0
10/03/21,SC,15361.0
10/03/21,SD,4922.0
10/03/21,TN,23796.0
10/03/21,TX,79009.0
10/03/21,UT,5270.0
10/03/21,VA,25451.0
10/03/21,VT,2263.0
10/03/21,WA,12487.0
10/03/21,WI,18403.0
10/03/21,WV,8697.0
10/03/21,WY,2011.0
10/10/21,AK,698.0
10/10/21,AL,19575.0
10/10/21,AR,15638.0
10/10/21,AZ,10567.0
10/10/21,CA,90127.0
10/10/21,CO,13980.0
10/10/21,CT,18722.0
10/10/21,DC,2009.0
10/10/21,DE,3593.0
10/10/21,FL,65278.0
10/10/21,GA,27865.0
10/10/21,GU,24.0
10/10/21,HI,3268.0
10/10/21,IA,20294.0
10/10/21,ID,3491.0
10/10/21,IL,57980.0
10/10/21,IN,35383.0
10/10/21,KS,15013.0
10/10/21,KY,20337.0
10/10/21,LA,22581.0
10/10/21,MA,32470.0
10/10/21,MD,21021.0
10/10/21,ME,5051.0
10/10/21,MI,31459.0
10/10/21,MN,20146.0
10/10/21,MO,33864.0
10/10/21,MS,13785.0
10/10/21,MT,2982.0
10/10/21,NC,32428.0
10/10/21,ND,6086.0
10/10/21,NE,9918.0
10/10/21,NH,5548.0
10/10/21,NJ,36803.0
10/10/21,NM,4825.0
10/10/21,NV,5113.0
10/10/21,NY,93240.0
10/10/21,OH,63069.0
10/10/21,OK,16456.0
10/10/21,OR,5991.0
10/10/21,PA,63557.0
10/10/21,PR,96.0
10/10/21,RI,6513.0
10/10/21,SC,15352.0
10/10/21,SD,4921.0
10/10/21,TN,23857.0
10/10/21,TX,78468.0
10/10/21,UT,5183.0
10/10/21,VA,25283.0
10/10/21,VT,2234.0
10/10/21,WA,12459.0
10/10/21,WI,18334.0
10/10/21,WV,8674.0
10/10/21,WY,1986.0
10/17/21,AK,698.0
10/17/21,AL,19596.0
10/17/21,AR,14977.0
10/17/21,AZ,10511.0
10/17/21,CA,90364.0
10/17/21,CO,14259.0
10/17/21,CT,18830.0
10/17/21,DC,2015.0
10/17/21,DE,3603.0
10/17/21,FL,65456.0
10/17/21,GA,28026.0
10/17/21,GU,22.0
10/17/21,HI,3253.0
10/17/21,IA,20204.0
10/17/21,ID,3504.0
10/17/21,IL,57642.0
10/17/21,IN,34652.0
10/17/21,KS,16026.0
10/17/21,KY,20386.0
10/17/21,LA,22469.0
10/17/21,MA,32374.0
10/17/21,MD,21061.0
10/17/21,ME,5036.0
10/17/21,MI,31487.0
10/17/21,MN,20102.0
10/17/21,MO,33913.0
10/17/21,MS,13691.0
10/17/21,MT,2970.0
10/17/21,NC,32584.0
10/17/21,ND,4610.0
10/17/21,NE,9944.0
10/17/21,NH,5529.0
10/17/21,NJ,37661.0
10/17/21,NM,4803.0
10/17/21,NV,5151.0
10/17/21,NY,92544.0
10/17/21,OH,62957.0
10/17/21,OK,15447.0
10/17/21,OR,6003.0
10/17/21,PA,63549.0
10/17/21,PR,90.0
10/17/21,RI,6525.0
10/17/21,SC,15358.0
10/17/21,SD,4897.0
10/17/21,TN,23944.0
10/17/21,TX,78548.0
10/17/21,UT,5178.0
10/17/21,VA,25375.0
10/17/21,VT,2227.0
10/17/21,WA,12496.0
10/17/21,WI,18484.0
10/17/21,WV,8672.0
10/17/21,WY,1968.0
10/24/21,AK,698.0
10/24/21,AL,19692.0
10/24/21,AR,14977.0
10/24/21,AZ,10523.0
10/24/21,CA,91553.0
10/24/21,CO,13513.0
10/24/21,CT,18907.0
10/24/21,DC,2002.0
10/24/21,DE,3612.0
10/24/21,FL,65794.0
10/24/21,GA,28079.0
10/24/21,GU,22.0
10/24/21,HI,3273.0
10/24/21,IA,20796.0
10/24/21,ID,3518.0
10/24/21,IL,60665.0
10/24/21,IN,34607.0
10/24/21,KS,14909.0
10/24/21,KY,20327.0
10/24/21,LA,22473.0
10/24/21,MA,32413.0
10/24/21,MD,20880.0
10/24/21,ME,4971.0
10/24/21,MI,31258.0
10/24/21,MN,20009.0
10/24/21,MO,33816.0
10/24/21,MS,13726.0
10/24/21,MT,2953.0
10/24/21,NC,32626.0
10/24/21,ND,4604.0
10/24/21,NE,9834.0
10/24/21,NH,5509.0
10/24/21,NJ,37005.0
10/24/21,NM,4801.0
10/24/21,NV,5168.0
10/24/21,NY,91639.0
10/24/21,OH,63077.0
10/24/21,OK,15361.0
10/24/21,OR,5922.0
10/24/21,PA,63676.0
10/24/21,PR,89.0
10/24/21,RI,6513.0
10/24/21,SC,15472.0
10/24/21,SD,4900.0
10/24/21,TN,23865.0
10/24/21,TX,78963.0
10/24/21,UT,5148.0
10/24/21,VA,25303.0
10/24/21,VT,2134.0
10/24/21,WA,12546.0
10/24/21,WI,18273.0
10/24/21,WV,8746.0
10/24/21,WY,1970.0
10/31/21,AK,697.0
10/31/21,AL,19737.0
10/31/21,AR,15067.0
10/31/21,AZ,10590.0
10/31/21,CA,90708.0
10/31/21,CO,13556.0
10/31/21,CT,18857.0
10/31/21,DC,1998.0
10/31/21,DE,3582.0
10/31/21,FL,66134.0
10/31/21,GA,28177.0
10/31/21,GU,21.0
10/31/21,HI,3276.0
10/31/21,IA,20279.0
10/31/21,ID,3479.0
10/31/21,IL,58306.0
10/31/21,IN,34622.0
10/31/21,KS,15013.0
10/31/21,KY,20497.0
10/31/21,LA,22383.0
10/31/21,MA,32472.0
10/31/21,MD,20840.0
10/31/21,ME,5007.0
10/31/21,MI,31354.0
10/31/21,MN,19961.0
10/31/21,MO,33932.0
10/31/21,MS,13784.0
10/31/21,MT,2946.0
10/31/21,NC,32678.0
10/31/21,ND,4590.0
10/31/21,NE,9914.0
10/31/21,NH,5507.0
10/31/21,NJ,36800.0
10/31/21,NM,4790.0
10/31/21,NV,5137.0
10/31/21,NY,91801.0
10/31/21,OH,62999.0
10/31/21,OK,15406.0
10/31/21,OR,5879.0
10/31/21,PA,63594.0
10/31/21,PR,110.0
10/31/21,RI,6587.0
10/31/21,SC,15430.0
10/31/21,SD,4933.0
10/31/21,TN,23836.0
10/31/21,TX,79652.0
10/31/21,UT,5233.0
10/31/21,VA,25220.0
10/31/21,VT,2216.0
10/31/21,WA,12563.0
10/31/21,WI,18945.0
10/31/21,WV,8795.0
10/31/21,WY,1973.0
11/07/21,AK,688.0
11/07/21,AL,19697.0
11/07/21,AR,15095.0
11/07/21,AZ,10556.0
11/07/21,CA,90509.0
11/07/21,CO,13720.0
11/07/21,CT,18762.0
11/07/21,DC,1997.0
11/07/21,DE,3577.0
11/07/21,FL,65841.0
11/07/21,GA,28180.0
11/07/21,GU,22.0
11/07/21,HI,3285.0
11/07/21,IA,20230.0
11/07/21,ID,3520.0
11/07/21,IL,58022.0
11/07/21,IN,34679.0
11/07/21,KS,14732.0
11/07/21,KY,20477.0
11/07/21,LA,22280.0
11/07/21,MA,32340.0
11/07/21,MD,20825.0
11/07/21,ME,4956.0
11/07/21,MI,31271.0
11/07/21,MN,19878.0
11/07/21,MO,33885.0
11/07/21,MS,13764.0
11/07/21,MT,2936.0
11/07/21,NC,32825.0
11/07/21,ND,4590.0
11/07/21,NE,9845.0
11/07/21,NH,5510.0
11/07/21,NJ,36719.0
11/07/21,NM,4783.0
11/07/21,NV,5158.0
11/07/21,NY,91995.0
11/07/21,OH,63108.0
11/07/21,OK,15516.0
11/07/21,OR,5942.0
11/07/21,PA,63646.0
11/07/21,PR,102.0
11/07/21,RI,6580.0
11/07/21,SC,15424.0
11/07/21,SD,4885.0
11/07/21,TN,23884.0
11/07/21,TX,79118.0
11/07/21,UT,5227.0
11/07/21,VA,25348.0
11/07/21,VT,2223.0
11/07/21,WA,12578.0
11/07/21,WI,18139.0
11/07/21,WV,8803.0
11/07/21,WY,1986.0
11/14/21,AK,700.0
11/14/21,AL,19514.0
11/14/21,AR,14987.0
11/14/21,AZ,10520.0
11/14/21,CA,90920.0
11/14/21,CO,13699.0
11/14/21,CT,18893.0
11/14/21,DC,2018.0
11/14/21,DE,3564.0
11/14/21,FL,65919.0
11/14/21,GA,28163.0
11/14/21,GU,22.0
11/14/21,HI,3286.0
11/14/21,IA,20253.0
11/14/21,ID,3511.0
11/14/21,IL,58739.0
11/14/21,IN,34669.0
11/14/21,KS,15288.0
11/14/21,KY,20485.0
11/14/21,LA,22363.0
11/14/21,MA,32355.0
11/14/21,MD,20870.0
11/14/21,ME,5145.0
11/14/21,MI,31003.0
11/14/21,MN,19919.0
11/14/21,MO,33916.0
11/14/21,MS,13818.0
11/14/21,MT,2967.0
11/14/21,NC,32759.0
11/14/21,ND,4524.0
11/14/21,NE,9727.0
11/14/21,NH,5503.0
11/14/21,NJ,36685.0
11/14/21,NM,4785.0
11/14/21,NV,7063.0
11/14/21,NY,92006.0
11/14/21,OH,63157.0
11/14/21,OK,15590.0
11/14/21,OR,5916.0
11/14/21,PA,63873.0
11/14/21,PR,97.0
11/14/21,RI,6607.0
11/14/21,SC,15458.0
11/14/21,SD,4875.0
11/14/21,TN,23967.0
11/14/21,TX,78759.0
11/14/21,UT,5244.0
11/14/21,VA,25351.0
11/14/21,VT,2238.0
11/14/21,WA,12580.0
11/14/21,WI,18151.0
11/14/21,WV,8825.0
11/14/21,WY,1986.0
11/21/21,AK,700.0
11/21/21,AL,19585.0
11/21/21,AR,15015.0
11/21/21,AZ,10563.0
11/21/21,CA,90622.0
11/21/21,CO,14340.0
11/21/21,CT,19048.0
11/21/21,DC,2018.0
11/21/21,DE,3560.0
11/21/21,FL,65952.0
11/21/21,GA,28242.0
11/21/21,GU,19.0
11/21/21,HI,3290.0
11/21/21,IA,20195.0
11/21/21,ID,3524.0
11/21/21,IL,58929.0
11/21/21,IN,34542.0
11/21/21,KS,14869.0
11/21/21,KY,20404.0
11/21/21,LA,22281.0
11/21/21,MA,32409.0
11/21/21,MD,20917.0
11/21/21,ME,4980.0
11/21/21,MI,30828.0
11/21/21,MN,19810.0
11/21/21,MO,33810.0
11/21/21,MS,13918.0
11/21/21,MT,2971.0
11/21/21,NC,32744.0
11/21/21,ND,4567.0
11/21/21,NE,9882.0
11/21/21,NH,5495.0
11/21/21,NJ,36863.0
11/21/21,NM,4780.0
11/21/21,NV,5168.0
11/21/21,NY,92383.0
11/21/21,OH,63046.0
11/21/21,OK,15604.0
11/21/21,OR,5949.0
11/21/21,PA,63764.0
11/21/21,PR,98.0
11/21/21,RI,6565.0
11/21/21,SC,15403.0
11/21/21,SD,4830.0
11/21/21,TN,23982.0
11/21/21,TX,78877.0
11/21/21,UT,5221.0
11/21/21,VA,25396.0
11/21/21,VT,2262.0
11/21/21,WA,12627.0
11/21/21,WI,17933.0
11/21/21,WV,8828.0
11/21/21,WY,1988.0
11/28/21,AK,696.0
11/28/21,AL,19588.0
11/28/21,AR,15035.0
11/28/21,AZ,10512.0
11/28/21,CA,90710.0
11/28/21,CO,13679.0
11/28/21,CT,18973.0
11/28/21,DC,2013.0
11/28/21,DE,3539.0
11/28/21,FL,65527.0
11/28/21,GA,28205.0
11/28/21,GU,19.0
11/28/21,HI,3299.0
11/28/21,IA,20014.0
11/28/21,ID,3515.0
11/28/21,IL,57954.0
11/28/21,IN,34329.0
11/28/21,KS,14797.0
11/28/21,KY,20445.0
11/28/21,LA,22228.0
11/28/21,MA,32172.0
11/28/21,MD,20901.0
11/28/21,ME,4921.0
11/28/21,MI,30828.0
11/28/21,MN,19811.0
11/28/21,MO,33686.0
11/28/21,MS,13886.0
11/28/21,MT,2908.0
11/28/21,NC,32630.0
11/28/21,ND,4536.0
11/28/21,NE,9857.0
11/28/21,NH,5502.0
11/28/21,NJ,36864.0
11/28/21,NM,4757.0
11/28/21,NV,5880.0
11/28/21,NY,91371.0
11/28/21,OH,62756.0
11/28/21,OK,15628.0
11/28/21,OR,5955.0
11/28/21,PA,63657.0
11/28/21,PR,101.0
11/28/21,RI,6545.0
11/28/21,SC,15423.0
11/28/21,SD,4748.0
11/28/21,TN,23960.0
11/28/21,TX,78729.0
11/28/21,UT,5184.0
11/28/21,VA,25298.0
11/28/21,VT,2272.0
11/28/21,WA,12619.0
11/28/21,WI,17864.0
11/28/21,WV,8786.0
11/28/21,WY,1984.0
12/05/21,AK,698.0
12/05/21,AL,19494.0
12/05/21,AR,14924.0
12/05/21,AZ,10481.0
12/05/21,CA,90717.0
12/05/21,CO,13966.0
12/05/21,CT,19024.0
12/05/21,DC,1996.0
12/05/21,DE,3568.0
12/05/21,FL,65937.0
12/05/21,GA,28157.0
12/05/21,GU,19.0
12/05/21,HI,3288.0
12/05/21,IA,20096.0
12/05/21,ID,3506.0
12/05/21,IL,57972.0
12/05/21,IN,34486.0
12/05/21,KS,14781.0
12/05/21,KY,20550.0
12/05/21,LA,22481.0
12/05/21,MA,32678.0
12/05/21,MD,20928.0
12/05/21,ME,4908.0
12/05/21,MI,31148.0
12/05/21,MN,19766.0
12/05/21,MO,34445.0
12/05/21,MS,13849.0
12/05/21,MT,2972.0
12/05/21,NC,33152.0
12/05/21,ND,4556.0
12/05/21,NE,9849.0
12/05/21,NH,5485.0
12/05/21,NJ,37106.0
12/05/21,NM,4747.0
12/05/21,NV,5197.0
12/05/21,NY,91539.0
12/05/21,OH,62771.0
12/05/21,OK,15627.0
12/05/21,OR,5961.0
12/05/21,PA,63496.0
12/05/21,PR,79.0
12/05/21,RI,6485.0
12/05/21,SC,15477.0
12/05/21,SD,4807.0
12/05/21,TN,23809.0
12/05/21,TX,78411.0
12/05/21,UT,5167.0
12/05/21,VA,25457.0
12/05/21,VT,2270.0
12/05/21,WA,12625.0
12/05/21,WI,17885.0
12/05/21,WV,8796.0
12/05/21,WY,1973.0
12/12/21,AK,711.0
12/12/21,AL,19567.0
12/12/21,AR,15068.0
12/12/21,AZ,10595.0
12/12/21,CA,90910.0
12/12/21,CO,13739.0
12/12/21,CT,18868.0
12/12/21,DC,2012.0
12/12/21,DE,3587.0
12/12/21,FL,66292.0
12/12/21,GA,28191.0
12/12/21,GU,24.0
12/12/21,HI,3250.0
12/12/21,IA,20084.0
12/12/21,ID,3508.0
12/12/21,IL,59447.0
12/12/21,IN,34468.0
12/12/21,KS,14801.0
12/12/21,KY,20563.0
12/12/21,LA,22527.0
12/12/21,MA,32457.0
12/12/21,MD,21023.0
12/12/21,ME,4967.0
12/12/21,MI,31155.0
12/12/21,MN,19788.0
12/12/21,MO,33750.0
12/12/21,MS,13887.0
12/12/21,MT,3000.0
12/12/21,NC,32808.0
12/12/21,ND,4546.0
12/12/21,NE,9895.0
12/12/21,NH,5507.0
12/12/21,NJ,37807.0
12/12/21,NM,4815.0
12/12/21,NV,5220.0
12/12/21,NY,91760.0
12/12/21,OH,62825.0
12/12/21,OK,15706.0
12/12/21,OR,6047.0
12/12/21,PA,64308.0
12/12/21,PR,114.0
12/12/21,RI,6533.0
12/12/21,SC,15428.0
12/12/21,SD,4818.0
12/12/21,TN,23913.0
12/12/21,TX,78682.0
12/12/21,UT,5212.0
12/12/21,VA,25557.0
12/12/21,VT,2305.0
12/12/21,WA,12592.0
12/12/21,WI,17890.0
12/12/21,WV,8836.0
12/12/21,WY,1988.0
12/19/21,AK,714.0
12/19/21,AL,19732.0
12/19/21,AR,15178.0
12/19/21,AZ,10578.0
12/19/21,CA,90973.0
12/19/21,CO,13886.0
12/19/21,CT,19003.0
12/19/21,DC,2015.0
12/19/21,DE,3585.0
12/19/21,FL,66519.0
12/19/21,GA,28330.0
12/19/21,GU,25.0
12/19/21,HI,3310.0
12/19/21,IA,19999.0
12/19/21,ID,3450.0
12/19/21,IL,58495.0
12/19/21,IN,34370.0
12/19/21,KS,14859.0
12/19/21,KY,20738.0
12/19/21,LA,22697.0
12/19/21,MA,32381.0
12/19/21,MD,20982.0
12/19/21,ME,4940.0
12/19/21,MI,31320.0
12/19/21,MN,20247.0
12/19/21,MO,33770.0
12/19/21,MS,13897.0
12/19/21,MT,3119.0
12/19/21,NC,32825.0
12/19/21,ND,4531.0
12/19/21,NE,9902.0
12/19/21,NH,5494.0
12/19/21,NJ,37761.0
12/19/21,NM,4905.0
12/19/21,NV,5191.0
12/19/21,NY,91935.0
12/19/21,OH,63169.0
12/19/21,OK,15649.0
12/19/21,OR,6115.0
12/19/21,PA,64106.0
12/19/21,PR,111.0
12/19/21,RI,6497.0
12/19/21,SC,15441.0
12/19/21,SD,4813.0
12/19/21,TN,24077.0
12/19/21,TX,79654.0
12/19/21,UT,5192.0
12/19/21,VA,27157.0
12/19/21,VT,2307.0
12/19/21,WA,12660.0
12/19/21,WI,18138.0
12/19/21,WV,8809.0
12/19/21,WY,1997.0
12/26/21,AK,719.0
12/26/21,AL,19829.0
12/26/21,AR,15086.0
12/26/21,AZ,10554.0
12/26/21,CA,90609.0
12/26/21,CO,13844.0
12/26/21,CT,18907.0
12/26/21,DC,2015.0
12/26/21,DE,3557.0
12/26/21,FL,66428.0
12/26/21,GA,28247.0
12/26/21,GU,25.0
12/26/21,HI,3300.0
12/26/21,IA,20069.0
12/26/21,ID,3492.0
12/26/21,IL,58216.0
12/26/21,IN,34203.0
12/26/21,KS,14806.0
12/26/21,KY,20395.0
12/26/21,LA,22661.0
12/26/21,MA,32223.0
12/26/21,MD,20847.0
12/26/21,ME,4958.0
12/26/21,MI,30785.0
12/26/21,MN,19835.0
12/26/21,MO,33665.0
12/26/21,MS,13829.0
12/26/21,MT,2902.0
12/26/21,NC,32739.0
12/26/21,ND,4542.0
12/26/21,NE,9869.0
12/26/21,NH,5402.0
12/26/21,NJ,38021.0
12/26/21,NM,4849.0
12/26/21,NV,5191.0
12/26/21,NY,91528.0
12/26/21,OH,62871.0
12/26/21,OK,15916.0
12/26/21,OR,6098.0
12/26/21,PA,63717.0
12/26/21,PR,73.0
12/26/21,RI,6458.0
12/26/21,SC,15405.0
12/26/21,SD,4804.0
12/26/21,TN,23811.0
12/26/21,TX,78486.0
12/26/21,UT,5192.0
12/26/21,VA,25440.0
12/26/21,VT,2283.0
12/26/21,WA,12567.0
12/26/21,WI,17899.0
12/26/21,WV,8758.0
12/26/21,WY,1992.0
